user_idx,item_idx,timestamp
0,117,0
0,273,1
0,222,2
0,267,3
0,406,4
0,353,5
0,286,6
0,490,7
0,340,8
1,439,9
1,261,10
1,118,11
1,364,12
1,465,13
1,202,14
1,294,15
1,84,16
1,125,17
1,6,18
1,91,19
1,232,20
1,162,21
1,368,22
1,58,23
1,394,24
1,321,25
1,182,26
112,256,27
112,382,28
112,269,29
112,92,30
112,79,31
112,459,32
112,65,33
112,105,34
112,230,35
112,150,36
112,395,37
112,356,38
112,112,39
173,454,40
173,106,41
173,460,42
173,211,43
173,86,44
173,290,45
173,238,46
173,40,47
173,257,48
173,422,49
173,319,50
173,363,51
173,383,52
173,410,53
173,310,54
173,80,55
173,357,56
173,171,57
173,20,58
184,226,59
184,205,60
184,331,61
184,107,62
184,304,63
184,398,64
184,443,65
184,134,66
184,338,67
184,192,68
195,333,69
195,366,70
195,392,71
195,78,72
195,424,73
195,16,74
195,102,75
195,399,76
195,437,77
195,489,78
195,209,79
195,29,80
206,50,81
206,273,82
206,306,83
206,280,84
206,293,85
206,83,86
206,450,87
206,464,88
206,353,89
206,90,90
206,418,91
206,63,92
217,413,93
217,84,94
217,223,95
217,364,96
217,12,97
217,215,98
217,44,99
217,77,100
217,248,101
228,19,102
228,14,103
228,126,104
228,356,105
228,414,106
228,295,107
228,441,108
228,308,109
228,395,110
228,276,111
228,256,112
228,39,113
228,389,114
239,225,115
239,460,116
239,132,117
239,114,118
239,204,119
239,257,120
239,386,121
239,290,122
239,53,123
239,244,124
239,435,125
239,483,126
239,217,127
2,205,128
2,468,129
2,212,130
2,384,131
2,35,132
2,185,133
2,365,134
2,265,135
2,166,136
2,74,137
2,397,138
2,121,139
2,48,140
2,2,141
2,345,142
2,436,143
13,122,144
13,13,145
13,42,146
13,88,147
13,440,148
13,153,149
13,55,150
13,116,151
13,22,152
13,160,153
13,352,154
13,272,155
13,325,156
13,339,157
24,222,158
24,5,159
24,380,160
24,320,161
24,90,162
24,63,163
24,353,164
24,23,165
24,188,166
24,11,167
24,247,168
24,43,169
24,181,170
24,457,171
24,340,172
24,425,173
35,44,174
35,118,175
35,420,176
35,100,177
35,465,178
35,401,179
35,156,180
35,381,181
35,364,182
35,426,183
46,295,184
46,85,185
46,375,186
46,105,187
46,276,188
46,59,189
46,230,190
46,362,191
57,253,192
57,316,193
57,357,194
57,93,195
57,448,196
57,480,197
57,290,198
57,467,199
68,115,200
68,121,201
68,35,202
68,245,203
68,2,205
68,172,206
68,94,207
68,9,208
68,338,209
68,226,210
68,416,211
68,391,212
68,324,213
68,455,214
68,468,215
68,404,216
68,398,217
68,54,218
79,49,219
79,95,220
79,167,221
79,252,222
79,153,223
79,385,224
79,456,225
79,69,226
90,188,227
90,400,228
90,484,229
90,293,230
90,451,231
90,103,232
90,353,233
90,142,234
90,0,235
90,267,236
90,387,237
90,207,238
90,247,239
90,406,240
90,470,241
101,281,242
101,195,243
101,268,244
101,491,245
101,446,246
101,149,247
101,110,248
101,44,249
101,208,250
101,335,251
101,51,252
101,361,253
101,97,254
113,322,255
113,52,256
113,453,257
113,119,258
113,376,259
113,409,260
113,395,261
113,65,262
113,176,263
113,210,264
113,309,265
113,256,266
113,295,267
113,459,268
113,177,269
113,375,270
113,389,271
113,249,272
113,479,273
124,263,274
124,344,275
124,290,276
124,204,277
124,270,278
124,303,279
124,145,280
124,47,281
124,377,282
124,415,283
124,123,284
124,158,285
124,178,286
124,80,287
135,338,288
135,121,289
135,371,290
135,332,291
135,87,292
135,304,293
135,133,294
135,271,295
135,331,296
135,397,297
135,317,298
135,278,299
135,68,300
135,21,301
135,233,302
135,416,303
135,384,304
135,365,305
135,311,306
146,209,307
146,180,308
146,200,309
146,10,310
146,95,311
146,160,312
146,456,313
146,69,314
146,469,315
146,405,316
146,88,317
146,392,318
146,16,319
146,299,320
146,129,321
146,102,322
157,400,323
157,354,324
157,419,325
157,228,326
157,214,327
157,174,328
157,130,329
157,286,330
157,484,331
157,50,332
157,142,333
157,168,334
157,300,335
168,215,336
168,255,337
168,182,338
168,374,339
168,452,340
168,169,341
168,149,342
168,236,343
168,297,344
168,471,345
168,110,346
168,388,347
168,321,348
168,394,349
168,361,350
169,289,351
169,183,352
169,466,353
169,138,354
169,447,355
169,170,356
169,111,357
169,414,358
169,427,359
169,256,360
170,377,361
170,403,362
170,283,363
170,244,364
170,337,365
170,435,366
170,386,367
170,350,368
170,93,369
170,238,370
170,66,371
170,217,372
170,204,373
170,120,374
170,493,375
170,319,376
170,277,377
170,270,378
171,311,379
171,152,380
171,226,381
171,172,382
171,251,383
171,81,384
171,378,385
171,384,386
171,475,387
172,78,388
172,186,389
172,444,390
172,206,391
172,13,392
172,259,393
172,399,394
172,305,395
172,318,396
172,200,397
172,141,398
172,449,399
172,22,400
174,432,401
174,89,402
174,267,403
174,247,404
174,155,405
174,37,406
174,418,407
174,83,408
174,438,409
174,393,410
174,320,411
174,306,412
174,347,413
174,240,414
175,327,415
175,118,416
175,458,417
175,294,418
175,314,419
175,51,420
175,461,421
175,12,422
175,388,423
175,491,424
176,414,425
176,282,426
176,7,427
176,486,428
176,276,429
176,447,430
176,131,431
176,362,432
176,237,433
176,256,434
176,176,435
176,112,436
176,322,437
176,210,438
176,349,439
176,336,440
176,309,441
176,19,442
176,369,443
177,257,444
177,386,445
177,290,446
177,410,447
177,225,448
177,164,449
177,171,450
177,27,451
178,226,452
178,411,453
178,324,454
178,481,455
178,468,456
178,140,457
178,185,458
178,87,459
178,331,460
178,278,461
178,205,462
178,404,463
178,74,464
179,153,465
179,392,466
179,385,467
179,463,468
179,108,469
179,129,470
179,352,471
179,252,472
179,213,473
179,200,474
179,417,475
179,456,476
179,147,477
179,16,478
180,484,479
180,457,480
180,354,481
180,451,482
180,70,483
180,136,484
180,11,486
180,334,487
180,267,488
180,207,489
180,103,490
180,174,491
180,347,492
180,43,493
180,37,494
180,353,495
180,23,496
180,168,497
181,452,498
181,348,499
181,137,500
181,255,501
181,156,502
181,341,503
181,58,504
181,413,505
181,38,506
181,368,507
181,169,508
181,175,509
181,281,510
181,288,511
182,382,512
182,336,513
182,389,514
182,466,515
182,112,516
182,427,517
182,472,518
182,119,519
182,46,520
182,242,521
182,356,522
182,362,523
182,150,524
182,19,525
182,269,526
182,126,527
182,249,528
183,40,529
183,370,530
183,410,531
183,454,532
183,238,533
183,220,534
183,225,535
183,8,536
183,428,537
183,257,538
183,270,539
183,86,540
183,66,541
185,226,542
185,107,543
185,462,544
185,291,545
185,152,546
185,391,547
185,74,548
185,128,549
185,345,550
185,304,551
186,489,552
186,144,553
186,346,554
186,431,555
186,16,556
186,49,557
186,476,558
186,366,559
186,412,560
186,219,561
186,160,562
187,438,563
187,354,564
187,76,565
187,188,566
187,136,567
187,267,568
187,168,569
187,70,570
187,181,571
187,432,572
187,425,573
187,254,574
187,201,575
187,273,576
187,393,577
187,406,578
187,387,579
187,154,580
188,84,581
188,471,582
188,202,583
188,361,584
188,229,585
188,58,586
188,64,587
188,364,588
188,461,589
188,125,590
188,485,591
188,31,592
188,335,593
188,77,594
188,327,595
188,195,596
188,1,597
188,34,598
189,249,599
189,356,600
189,105,601
189,282,602
189,32,603
189,196,604
189,163,605
189,343,607
189,308,608
189,395,609
189,131,610
189,447,611
189,322,612
189,295,613
189,210,614
189,382,615
190,20,616
190,263,617
190,383,618
190,390,619
190,27,620
190,211,621
190,66,622
190,56,623
190,442,624
190,415,625
190,47,626
190,363,627
190,337,628
190,132,629
190,220,630
190,120,631
190,329,632
190,410,633
190,171,634
191,218,635
191,291,636
191,430,637
191,226,638
191,330,639
191,271,640
191,107,641
191,345,642
191,351,643
191,397,644
191,251,645
191,284,646
192,108,647
192,193,648
192,385,649
192,167,650
192,22,651
192,116,652
192,78,653
192,424,654
192,227,655
192,325,656
192,339,657
192,135,658
192,10,659
192,359,660
192,82,661
192,379,662
192,16,663
192,246,664
192,312,665
193,373,666
193,425,667
193,96,668
193,37,669
193,142,670
193,445,671
193,168,672
193,201,673
193,273,674
193,280,675
193,438,676
193,451,677
193,484,678
194,71,679
194,407,680
194,491,681
194,297,682
194,58,683
194,232,684
194,461,685
194,182,686
194,143,687
196,7,688
196,52,689
196,414,690
196,131,691
196,72,692
196,163,693
196,289,694
196,309,695
196,427,696
196,382,697
196,113,698
196,409,699
196,46,700
196,328,701
196,349,702
196,19,703
196,210,704
196,216,705
196,336,706
197,20,707
197,250,708
197,120,709
197,244,710
197,231,711
197,323,712
197,377,713
197,357,714
197,316,715
197,184,716
197,296,717
197,383,718
197,33,719
197,99,720
197,390,721
198,443,722
198,198,723
198,271,724
198,28,725
198,365,726
198,378,727
198,133,728
198,67,729
198,48,730
199,444,731
199,144,732
199,209,733
199,385,734
199,95,735
199,325,736
199,227,737
199,305,738
200,347,739
200,418,740
200,470,741
200,445,742
200,432,743
200,457,744
200,96,745
200,37,746
200,0,747
200,109,748
201,143,749
201,12,750
201,368,751
201,195,752
201,413,753
201,261,754
201,71,755
201,288,756
201,51,757
201,439,758
201,18,759
201,6,760
201,348,761
202,309,762
202,45,763
202,336,764
202,230,765
202,441,766
202,112,767
202,269,768
202,479,769
202,466,770
202,308,771
202,447,772
202,111,773
202,39,774
202,472,775
202,356,776
203,383,777
203,40,778
203,132,779
203,184,780
203,263,781
203,403,782
203,316,783
203,370,784
203,20,785
203,377,786
203,460,787
203,225,788
203,415,789
204,212,790
204,345,791
204,291,792
204,101,793
204,317,794
204,67,795
204,81,796
204,146,797
204,331,798
204,488,799
204,54,800
205,246,801
205,299,802
205,476,803
205,385,804
205,167,805
205,227,806
205,437,807
205,444,808
205,456,809
205,10,810
205,449,811
205,209,812
205,272,813
205,431,814
205,312,815
205,36,816
205,173,817
207,30,818
207,477,819
207,50,820
207,154,821
207,201,822
207,451,823
207,207,824
207,130,825
207,267,826
208,6,827
208,321,828
208,485,829
208,426,830
208,341,831
208,195,832
208,223,833
208,327,834
208,25,835
209,376,836
209,45,837
209,243,838
209,105,839
209,389,840
209,256,841
209,157,842
209,472,843
209,328,844
209,369,845
209,459,846
210,460,847
210,80,848
210,390,849
210,231,850
210,127,851
210,33,852
210,257,853
210,480,854
210,493,855
211,68,856
211,331,857
211,384,858
211,192,859
211,128,860
211,258,861
211,251,862
211,87,863
211,185,864
211,284,865
211,212,866
211,179,867
211,140,868
211,317,869
211,298,870
211,391,871
211,166,872
211,443,873
212,95,874
212,180,875
212,193,876
212,405,877
212,206,878
212,213,879
212,440,880
212,424,881
212,49,882
212,399,883
212,186,884
212,108,885
212,82,886
212,299,887
212,312,888
212,62,889
212,385,890
213,142,891
213,484,892
213,418,893
213,373,894
213,300,895
213,260,896
213,17,897
213,214,898
214,1,899
214,18,900
214,100,901
214,381,902
214,25,903
214,407,904
214,137,905
214,248,906
214,118,907
214,165,908
214,364,909
214,446,910
214,143,911
215,349,912
215,177,913
215,98,914
215,183,915
215,453,916
215,119,917
215,170,918
215,336,919
215,289,920
215,375,921
215,52,922
215,369,923
215,59,924
215,242,925
215,376,926
215,441,927
215,7,928
216,56,929
216,73,930
216,493,931
216,296,932
216,442,933
216,123,934
216,415,935
216,231,936
216,93,937
216,283,938
216,33,939
216,238,940
216,303,941
216,225,942
218,284,943
218,185,944
218,74,945
218,436,946
218,245,947
218,324,948
218,398,949
218,455,950
218,81,951
218,198,952
218,179,953
218,101,954
218,9,955
218,475,956
218,351,957
219,82,958
219,437,959
219,116,960
219,167,961
219,456,962
219,122,963
219,318,964
219,88,965
219,129,966
219,431,967
219,153,968
220,103,969
220,470,970
220,0,971
220,221,972
220,174,973
220,418,974
220,63,975
220,457,976
220,367,977
220,181,978
220,23,979
220,334,980
220,50,981
220,354,982
220,5,983
220,406,984
220,136,985
220,287,986
220,201,987
221,44,988
221,361,989
221,125,990
221,195,991
221,248,992
221,1,993
221,394,994
221,301,995
221,189,996
221,100,997
221,274,998
221,368,999
221,355,1000
221,38,1001
221,162,1002
221,236,1003
221,175,1004
221,433,1005
221,491,1006
222,224,1007
222,113,1008
222,242,1009
222,362,1010
222,395,1011
222,177,1012
222,216,1013
222,39,1014
222,376,1015
222,414,1016
222,138,1017
222,434,1018
222,79,1019
222,230,1020
222,196,1021
223,225,1022
223,474,1023
223,114,1024
223,151,1025
223,370,1026
223,277,1027
223,47,1028
223,93,1029
223,270,1030
223,80,1031
223,396,1032
224,199,1033
224,61,1034
224,101,1035
224,68,1036
224,455,1037
224,397,1038
224,371,1039
224,87,1040
224,28,1041
224,298,1042
224,475,1043
224,239,1044
224,338,1045
224,128,1046
224,41,1047
224,121,1048
225,449,1049
225,366,1050
225,424,1051
225,305,1052
225,4,1053
225,469,1054
225,266,1055
225,200,1056
225,246,1057
225,399,1058
225,29,1059
225,405,1060
225,379,1061
225,36,1062
225,292,1063
225,456,1064
225,437,1065
226,96,1066
226,76,1067
226,393,1068
226,90,1069
226,387,1070
226,222,1071
226,347,1072
226,450,1073
226,247,1074
226,130,1075
226,155,1076
226,214,1077
226,83,1078
226,477,1079
227,44,1080
227,407,1081
227,491,1082
227,327,1083
227,71,1084
227,426,1085
227,12,1086
227,381,1087
227,461,1088
227,307,1089
227,301,1090
227,294,1091
227,429,1092
227,335,1093
227,156,1094
227,355,1095
227,274,1096
229,72,1097
229,111,1098
229,126,1099
229,262,1100
229,59,1101
229,19,1102
229,295,1103
229,336,1104
229,466,1105
229,163,1106
229,453,1107
229,26,1108
229,45,1109
229,459,1110
229,309,1111
230,204,1112
230,410,1113
230,316,1114
230,383,1115
230,253,1116
230,184,1117
230,27,1118
230,428,1119
230,350,1120
230,460,1121
230,211,1122
230,33,1123
231,146,1124
231,21,1125
231,152,1126
231,172,1127
231,258,1128
231,48,1129
231,251,1130
231,324,1131
231,101,1132
232,122,1133
232,476,1134
232,219,1135
232,36,1136
232,108,1137
232,69,1138
232,444,1139
232,346,1140
232,42,1141
232,366,1142
232,82,1143
232,4,1144
232,299,1145
232,88,1146
232,209,1147
232,246,1148
233,347,1149
233,464,1150
233,353,1151
233,57,1152
233,24,1153
233,63,1154
233,181,1155
233,326,1156
233,457,1157
233,373,1158
234,341,1159
234,182,1160
234,195,1161
234,31,1162
234,232,1163
234,44,1164
234,189,1165
234,458,1166
234,388,1167
234,34,1168
234,143,1169
234,465,1170
234,58,1171
234,241,1172
234,288,1173
234,297,1174
234,229,1175
234,327,1176
235,224,1177
235,375,1178
235,492,1179
235,414,1180
235,282,1181
235,395,1182
235,65,1183
235,447,1184
235,302,1185
235,92,1186
235,203,1187
236,363,1188
236,127,1189
236,329,1190
236,344,1191
236,474,1192
236,217,1193
236,184,1194
236,151,1195
236,487,1196
236,323,1197
236,316,1198
236,80,1199
236,448,1200
236,383,1201
236,467,1202
236,99,1203
236,15,1204
236,377,1205
237,35,1206
237,258,1207
237,87,1208
237,107,1209
237,179,1210
237,455,1211
237,9,1212
237,54,1213
237,468,1214
237,68,1215
237,436,1216
237,152,1217
237,298,1218
237,94,1219
237,291,1220
237,397,1221
237,28,1223
237,172,1224
238,412,1225
238,489,1226
238,78,1227
238,122,1228
238,209,1229
238,4,1230
238,116,1231
238,62,1232
238,279,1233
238,193,1234
238,135,1235
238,285,1236
238,259,1237
238,102,1238
238,339,1239
238,342,1240
238,55,1241
238,272,1242
240,148,1243
240,70,1244
240,214,1245
240,380,1246
240,63,1247
240,334,1248
240,24,1249
240,117,1250
240,154,1251
240,5,1252
241,261,1253
241,84,1254
241,274,1255
241,429,1256
241,321,1257
241,439,1258
241,478,1259
241,175,1260
241,458,1261
241,314,1262
241,446,1263
241,182,1264
241,381,1265
242,402,1266
242,356,1267
242,414,1268
242,138,1269
242,65,1270
242,322,1271
242,196,1272
242,376,1273
242,79,1274
242,243,1275
242,126,1276
242,26,1277
242,459,1278
242,92,1279
242,295,1280
242,237,1281
242,453,1282
242,39,1283
242,119,1284
243,127,1285
243,86,1286
243,363,1287
243,303,1288
243,171,1289
243,73,1290
243,238,1291
243,80,1292
243,47,1293
243,40,1294
243,250,1295
243,184,1296
243,106,1297
243,93,1298
243,217,1299
243,20,1300
243,66,1301
244,475,1302
244,9,1303
244,107,1304
244,278,1305
244,397,1306
244,351,1307
244,233,1308
244,365,1309
244,430,1310
244,404,1311
244,338,1312
244,226,1313
244,198,1314
244,185,1315
244,239,1316
244,398,1317
244,134,1318
245,312,1319
245,489,1320
245,200,1321
245,16,1322
245,135,1323
245,417,1324
245,440,1325
245,147,1326
245,325,1327
246,11,1328
246,161,1329
246,464,1330
246,117,1331
246,24,1332
246,425,1333
246,235,1334
246,300,1335
247,335,1336
247,301,1337
247,162,1338
247,364,1339
247,465,1340
247,149,1341
247,84,1342
247,426,1343
247,429,1344
247,294,1345
247,143,1346
247,18,1347
247,307,1348
247,361,1349
247,189,1350
247,71,1351
247,236,1352
247,394,1353
248,138,1354
248,119,1355
248,243,1356
248,322,1357
248,92,1358
248,447,1359
248,328,1360
248,176,1361
248,237,1362
248,216,1363
248,466,1364
248,131,1365
248,105,1366
248,282,1367
248,472,1368
248,183,1369
249,487,1370
249,27,1371
249,145,1372
249,363,1373
249,99,1374
249,114,1375
249,316,1376
249,415,1377
249,8,1378
249,386,1379
3,152,1380
3,416,1381
3,488,1382
3,423,1383
3,67,1384
3,172,1385
3,74,1386
3,107,1387
3,87,1388
4,312,1389
4,209,1390
4,352,1391
4,405,1392
4,440,1393
4,272,1394
4,449,1395
4,346,1396
4,144,1397
4,359,1398
4,412,1399
4,42,1400
5,470,1401
5,484,1402
5,154,1403
5,347,1404
5,477,1405
5,17,1406
5,353,1407
5,30,1408
5,438,1409
5,136,1410
5,273,1411
5,457,1412
5,373,1413
5,451,1414
5,260,1415
5,240,1416
5,387,1417
5,181,1418
5,320,1419
6,77,1420
6,364,1421
6,446,1422
6,125,1423
6,388,1424
6,327,1425
6,255,1426
6,118,1427
6,104,1428
6,38,1429
6,91,1430
6,223,1431
6,485,1432
7,389,1433
7,7,1434
7,486,1435
7,402,1436
7,92,1437
7,163,1438
7,32,1439
7,309,1440
7,459,1441
7,434,1442
7,249,1443
8,480,1444
8,422,1445
8,231,1446
8,178,1447
8,27,1448
8,370,1449
8,80,1450
8,460,1451
8,250,1452
9,212,1453
9,68,1454
9,338,1455
9,384,1456
9,324,1457
9,331,1458
9,115,1459
9,423,1460
9,311,1461
9,365,1462
9,3,1463
9,54,1464
9,121,1465
9,94,1466
9,443,1467
10,412,1468
10,186,1469
10,463,1470
10,292,1471
10,424,1472
10,227,1473
10,167,1474
10,213,1475
10,444,1476
10,135,1477
10,147,1478
10,252,1479
10,78,1480
10,476,1481
10,299,1482
10,399,1483
10,333,1484
11,89,1485
11,354,1486
11,30,1487
11,117,1488
11,400,1489
11,450,1490
11,280,1491
11,260,1492
11,168,1493
11,340,1494
11,334,1495
11,136,1496
11,247,1497
11,154,1498
11,313,1499
12,182,1500
12,189,1501
12,12,1502
12,77,1503
12,223,1504
12,202,1505
12,294,1506
12,274,1507
12,420,1508
12,97,1509
12,64,1510
12,335,1511
12,137,1512
12,314,1513
12,175,1514
12,100,1515
12,149,1516
14,177,1517
14,46,1518
14,39,1519
14,459,1520
14,362,1521
14,486,1522
14,98,1523
14,65,1524
14,289,1525
15,114,1526
15,20,1527
15,80,1528
15,47,1529
15,86,1530
15,454,1531
15,178,1532
15,270,1533
15,329,1534
15,257,1535
15,244,1536
15,383,1537
15,467,1538
15,448,1539
15,263,1540
15,253,1541
15,15,1542
16,481,1543
16,94,1544
16,21,1545
16,298,1546
16,265,1547
16,475,1548
16,378,1549
16,128,1550
16,9,1551
16,68,1552
17,213,1553
17,147,1554
17,141,1555
17,292,1556
17,219,1557
17,4,1558
17,339,1559
17,206,1560
17,333,1561
17,55,1562
17,135,1563
17,209,1564
17,246,1565
17,13,1566
17,69,1567
17,437,1568
17,417,1569
17,227,1570
18,207,1571
18,306,1572
18,373,1573
18,393,1574
18,155,1575
18,418,1576
18,484,1577
18,360,1578
18,254,1579
18,11,1580
18,260,1581
18,221,1582
18,320,1583
19,485,1584
19,91,1585
19,321,1586
19,413,1587
19,368,1588
19,51,1589
19,471,1590
19,491,1591
19,236,1592
19,175,1593
19,195,1594
19,38,1595
19,165,1596
19,6,1597
19,162,1598
19,374,1599
19,288,1600
20,421,1601
20,196,1602
20,409,1603
20,447,1604
20,119,1605
20,26,1606
20,92,1607
20,382,1608
20,111,1609
20,349,1610
20,7,1611
20,65,1612
20,362,1613
20,395,1614
20,126,1615
20,269,1616
20,177,1617
21,303,1618
21,386,1619
21,350,1620
21,460,1621
21,363,1622
21,158,1623
21,415,1624
21,56,1625
21,316,1626
21,270,1627
21,487,1628
21,390,1629
22,475,1630
22,436,1631
22,245,1632
22,398,1633
22,455,1634
22,212,1635
22,115,1636
22,265,1637
22,404,1638
22,304,1639
22,121,1640
22,430,1641
22,146,1642
23,482,1643
23,489,1644
23,22,1645
23,333,1646
23,49,1647
23,135,1648
23,102,1649
23,431,1650
23,476,1651
25,400,1652
25,161,1653
25,11,1654
25,17,1655
25,30,1656
25,451,1657
25,387,1658
25,103,1659
25,450,1660
26,195,1661
26,361,1662
26,458,1663
26,248,1664
26,175,1665
26,77,1666
26,169,1667
26,327,1668
26,232,1669
26,165,1670
26,12,1671
26,368,1672
26,335,1673
26,314,1674
26,84,1675
26,485,1676
26,18,1677
27,473,1678
27,402,1679
27,336,1680
27,328,1681
27,163,1682
27,479,1683
27,282,1684
27,112,1685
28,415,1686
28,132,1687
28,145,1688
28,390,1689
28,217,1690
28,184,1691
28,410,1692
28,329,1693
28,99,1694
28,139,1695
28,310,1696
29,304,1697
29,101,1698
29,330,1699
29,404,1700
29,365,1701
29,411,1702
29,115,1703
29,81,1704
29,271,1705
29,251,1706
29,87,1707
29,468,1708
30,379,1709
30,200,1710
30,36,1711
30,213,1712
30,417,1713
30,95,1714
30,153,1715
30,292,1716
30,431,1717
31,354,1718
31,380,1719
31,124,1720
31,201,1721
31,273,1722
31,306,1723
31,367,1724
31,207,1725
31,63,1726
31,450,1727
31,5,1728
32,58,1729
32,433,1730
32,77,1731
32,361,1732
32,195,1733
32,51,1734
32,18,1735
32,149,1736
32,413,1737
32,64,1738
32,100,1739
32,321,1740
32,327,1741
32,288,1742
32,6,1743
32,274,1744
32,248,1745
32,388,1746
33,479,1747
33,309,1748
33,39,1749
33,459,1750
33,176,1751
33,190,1752
33,119,1753
33,402,1754
33,196,1755
33,308,1756
33,472,1757
33,441,1758
33,414,1759
33,302,1760
33,328,1761
33,72,1762
33,98,1763
33,453,1764
33,343,1765
34,171,1766
34,56,1767
34,319,1768
34,253,1769
34,337,1770
34,290,1771
34,390,1772
34,454,1773
36,265,1774
36,81,1775
36,251,1776
36,146,1777
36,152,1778
36,475,1779
36,404,1780
36,128,1781
36,365,1782
36,107,1783
36,199,1784
37,366,1785
37,272,1786
37,266,1787
37,325,1788
37,392,1789
37,275,1790
37,141,1791
37,292,1792
37,333,1793
37,279,1794
37,42,1795
37,305,1796
37,55,1797
37,213,1798
37,200,1799
37,10,1800
37,4,1801
38,347,1802
38,30,1803
38,11,1804
38,148,1805
38,109,1806
38,201,1807
38,260,1808
38,136,1809
38,221,1810
38,181,1811
38,418,1812
38,286,1813
38,214,1814
38,89,1815
38,96,1816
38,168,1817
38,70,1818
38,117,1819
38,419,1820
39,71,1821
39,374,1822
39,241,1823
39,182,1824
39,149,1825
39,229,1826
39,169,1827
39,91,1828
39,137,1829
39,104,1830
39,314,1831
39,156,1832
39,355,1833
39,125,1834
39,426,1835
39,429,1836
39,232,1837
39,195,1838
39,439,1839
40,45,1840
40,375,1841
40,59,1842
40,349,1843
40,105,1844
40,369,1845
40,65,1846
40,237,1847
40,466,1848
40,92,1849
40,486,1850
40,150,1851
40,479,1852
40,210,1853
40,459,1854
40,376,1855
41,220,1856
41,53,1857
41,487,1858
41,270,1859
41,396,1860
41,204,1861
41,217,1862
41,178,1863
41,171,1864
41,363,1865
41,244,1866
41,20,1867
41,8,1868
41,73,1869
41,370,1870
41,442,1871
41,410,1872
42,199,1873
42,351,1874
42,67,1875
42,332,1876
42,378,1877
42,226,1878
42,284,1879
42,61,1880
42,179,1881
42,185,1882
42,331,1883
42,28,1884
42,371,1885
43,209,1886
43,10,1887
43,305,1888
43,482,1889
43,417,1890
43,412,1891
43,116,1892
43,379,1893
43,476,1894
43,292,1895
43,95,1896
43,147,1897
43,193,1898
43,444,1899
44,228,1900
44,109,1901
44,90,1902
44,130,1903
44,235,1904
44,340,1905
44,353,1906
44,320,1907
44,221,1908
44,240,1909
44,136,1910
44,457,1911
44,280,1912
44,117,1913
44,181,1914
44,387,1915
44,5,1916
44,142,1917
44,450,1918
45,84,1919
45,110,1920
45,77,1921
45,394,1922
45,31,1923
45,461,1924
45,301,1925
45,149,1926
45,274,1927
45,100,1928
45,321,1929
45,426,1930
45,429,1931
45,64,1932
45,143,1933
45,6,1934
45,255,1935
45,261,1936
45,118,1937
47,163,1938
47,466,1939
47,45,1940
47,322,1941
47,98,1942
47,459,1943
47,473,1944
47,382,1945
47,362,1946
47,389,1947
47,131,1948
47,492,1949
47,113,1950
47,190,1951
47,308,1952
47,295,1953
48,253,1954
48,337,1955
48,8,1956
48,303,1957
48,435,1958
48,377,1959
48,480,1960
48,171,1961
48,350,1962
48,319,1963
49,61,1964
49,179,1965
49,152,1966
49,134,1967
49,311,1968
49,264,1969
49,475,1970
49,265,1971
49,226,1972
49,423,1973
49,398,1974
49,245,1975
49,233,1976
49,159,1977
49,218,1978
50,333,1979
50,346,1980
50,318,1981
50,366,1982
50,4,1983
50,29,1984
50,234,1985
50,88,1986
50,489,1987
51,326,1988
51,300,1989
51,50,1990
51,142,1991
51,221,1992
51,222,1993
51,306,1994
51,109,1995
51,425,1996
51,63,1997
51,347,1998
51,286,1999
51,228,2000
51,103,2001
51,451,2002
52,248,2003
52,348,2004
52,433,2005
52,38,2006
52,465,2007
52,458,2008
52,71,2009
52,208,2010
52,478,2011
52,149,2012
52,429,2013
53,46,2014
53,138,2015
53,230,2016
53,59,2017
53,237,2018
53,131,2019
53,119,2020
53,196,2021
53,441,2022
53,85,2023
53,295,2024
53,98,2025
53,26,2026
53,19,2027
53,45,2028
53,79,2029
54,283,2030
54,73,2031
54,151,2032
54,442,2033
54,211,2034
54,290,2035
54,344,2036
54,120,2037
54,483,2038
55,284,2039
55,423,2040
55,338,2041
55,152,2042
55,298,2043
55,398,2044
55,35,2045
55,265,2046
55,226,2047
55,430,2048
56,312,2049
56,417,2050
56,275,2051
56,342,2052
56,141,2053
56,116,2054
56,469,2055
56,13,2056
56,408,2057
56,49,2058
56,55,2059
56,440,2060
56,147,2061
56,153,2062
56,476,2063
56,346,2064
56,42,2065
58,360,2066
58,320,2067
58,354,2068
58,326,2069
58,109,2070
58,117,2071
58,464,2072
58,124,2073
58,367,2074
58,347,2075
58,340,2076
58,37,2077
58,451,2078
58,254,2079
58,11,2080
58,136,2081
59,248,2082
59,215,2083
59,433,2084
59,394,2085
59,137,2086
59,97,2087
59,143,2089
59,274,2090
59,407,2091
59,465,2092
59,18,2093
59,195,2094
59,51,2095
59,104,2096
59,71,2097
60,14,2098
60,336,2099
60,447,2100
60,382,2101
60,427,2102
60,441,2103
60,216,2104
60,7,2105
60,256,2106
60,466,2107
60,39,2108
60,302,2109
60,59,2110
60,362,2111
61,184,2112
61,40,2113
61,73,2114
61,483,2115
61,93,2116
61,377,2117
61,337,2118
61,20,2119
61,390,2120
61,442,2121
61,123,2122
61,171,2123
61,290,2124
61,53,2125
61,253,2126
61,460,2127
61,422,2128
62,311,2129
62,384,2130
62,185,2131
62,28,2132
62,179,2133
62,481,2134
62,488,2135
62,68,2136
62,258,2137
62,398,2138
62,365,2139
62,133,2140
62,436,2141
62,152,2142
62,2,2143
63,333,2144
63,36,2145
63,209,2146
63,78,2147
63,342,2148
63,108,2149
63,456,2150
63,318,2151
63,424,2152
63,29,2153
63,122,2154
63,408,2155
63,372,2156
63,272,2157
63,252,2158
63,312,2159
63,234,2160
64,103,2161
64,340,2162
64,373,2163
64,83,2164
64,124,2165
64,354,2166
64,477,2167
64,393,2168
64,17,2169
64,89,2170
64,30,2171
64,306,2172
64,347,2173
65,125,2174
65,301,2175
65,288,2176
65,355,2177
65,44,2178
65,162,2179
65,229,2180
65,84,2181
65,388,2182
65,18,2183
65,1,2184
65,202,2185
65,413,2186
65,368,2187
65,156,2188
65,439,2189
65,149,2190
66,170,2191
66,176,2192
66,479,2193
66,242,2194
66,72,2195
66,322,2196
66,111,2197
66,59,2198
66,157,2199
66,243,2200
66,19,2201
66,196,2202
67,191,2203
67,127,2204
67,474,2205
67,448,2206
67,145,2207
67,53,2208
67,66,2209
67,467,2210
67,263,2211
67,20,2212
67,151,2213
69,304,2214
69,251,2215
69,338,2216
69,331,2217
69,134,2218
69,68,2219
69,443,2220
69,298,2221
69,54,2222
69,212,2223
69,121,2224
69,291,2225
69,61,2226
69,81,2227
69,365,2228
69,351,2229
69,172,2230
70,339,2231
70,437,2232
70,456,2233
70,325,2234
70,62,2235
70,102,2236
70,346,2237
70,342,2238
70,352,2239
70,193,2240
70,147,2241
70,272,2242
70,266,2243
70,95,2244
70,399,2245
71,400,2246
71,161,2247
71,90,2248
71,373,2249
71,57,2250
71,181,2251
71,207,2252
71,11,2253
71,43,2254
71,425,2255
71,450,2256
71,287,2257
71,30,2258
71,235,2259
71,76,2260
71,37,2261
72,297,2262
72,461,2263
72,156,2264
72,361,2265
72,407,2266
72,355,2267
72,413,2268
72,439,2269
72,97,2270
72,268,2271
72,34,2272
72,335,2273
72,236,2274
72,149,2275
72,446,2276
72,394,2277
72,215,2278
73,46,2279
73,177,2280
73,375,2281
73,382,2282
73,276,2283
73,52,2284
73,486,2285
73,150,2286
73,315,2287
73,237,2288
73,309,2289
73,243,2290
73,79,2291
73,362,2292
73,473,2293
73,472,2294
73,113,2295
74,363,2296
74,283,2297
74,257,2298
74,403,2299
74,204,2300
74,220,2301
74,123,2302
74,435,2303
75,345,2304
75,185,2305
75,398,2306
75,81,2307
75,101,2308
75,423,2309
75,324,2310
75,430,2311
75,205,2312
75,35,2313
75,331,2314
75,416,2315
75,330,2316
75,134,2317
75,41,2318
75,152,2319
75,404,2320
75,251,2321
76,49,2322
76,36,2323
76,108,2324
76,342,2325
76,424,2326
76,75,2327
76,95,2328
76,272,2329
77,37,2330
77,194,2331
77,347,2332
77,240,2333
77,373,2334
77,90,2335
77,201,2336
77,334,2337
77,103,2338
77,254,2339
77,367,2340
77,148,2341
77,353,2342
77,63,2343
77,280,2344
77,451,2345
77,490,2346
78,162,2347
78,297,2348
78,394,2349
78,44,2350
78,321,2351
78,137,2352
78,461,2353
78,232,2354
78,31,2355
78,12,2356
78,401,2357
78,125,2358
78,268,2359
78,165,2360
78,301,2361
78,182,2362
80,32,2363
80,119,2364
80,295,2365
80,249,2366
80,441,2367
80,362,2368
80,336,2369
80,230,2370
80,328,2371
81,329,2372
81,197,2373
81,454,2374
81,422,2375
81,290,2376
81,66,2377
81,8,2378
81,493,2379
81,191,2380
81,27,2381
81,460,2382
81,263,2383
81,56,2384
81,296,2385
81,238,2386
81,132,2387
82,311,2388
82,192,2389
82,68,2390
82,245,2391
82,278,2392
82,397,2393
82,61,2394
82,330,2395
82,81,2396
82,423,2397
82,264,2398
82,332,2399
83,489,2400
83,55,2401
83,405,2402
83,22,2403
83,167,2404
83,266,2405
83,219,2406
83,88,2407
83,305,2408
83,193,2409
83,122,2410
83,173,2411
83,333,2412
83,252,2413
83,299,2414
84,221,2415
84,380,2416
84,432,2417
84,418,2418
84,155,2419
84,451,2420
84,76,2421
84,353,2422
84,300,2423
84,340,2424
84,387,2425
84,5,2426
85,241,2427
85,381,2428
85,294,2429
85,321,2430
85,215,2431
85,25,2432
85,341,2433
85,165,2434
86,302,2435
86,119,2436
86,105,2437
86,183,2438
86,479,2439
86,249,2440
86,356,2441
86,176,2442
86,230,2443
86,98,2444
87,263,2445
87,114,2446
87,231,2447
87,480,2448
87,60,2449
87,290,2450
87,164,2451
87,80,2452
87,257,2453
87,337,2454
87,329,2455
87,123,2456
87,217,2457
87,47,2458
87,139,2459
87,178,2460
87,316,2461
87,204,2462
88,351,2463
88,2,2464
88,205,2465
88,3,2466
88,475,2467
88,404,2468
88,172,2469
88,317,2470
88,212,2471
88,54,2472
88,94,2473
88,258,2474
89,88,2475
89,482,2476
89,469,2477
89,82,2478
89,379,2479
89,102,2480
89,272,2481
89,144,2482
89,399,2483
89,456,2484
89,167,2485
91,90,2486
91,400,2487
91,393,2488
91,326,2489
91,155,2490
91,181,2491
91,484,2492
91,228,2493
91,247,2494
91,353,2495
91,373,2496
91,154,2497
91,380,2498
91,254,2499
91,438,2500
91,360,2501
91,432,2502
91,477,2503
92,208,2504
92,355,2505
92,137,2506
92,413,2507
92,341,2508
92,165,2509
92,18,2510
92,255,2511
92,223,2512
92,156,2513
92,118,2514
92,100,2515
92,288,2516
92,374,2517
92,175,2518
92,281,2519
93,414,2520
93,282,2521
93,46,2522
93,72,2523
93,163,2524
93,289,2525
93,85,2526
93,210,2527
93,369,2528
93,126,2529
93,459,2530
93,466,2531
94,66,2532
94,290,2533
94,56,2534
94,329,2535
94,93,2536
94,139,2537
94,344,2538
94,483,2539
94,460,2540
94,428,2541
94,211,2542
94,184,2543
94,357,2544
94,474,2545
95,192,2546
95,54,2547
95,212,2548
95,391,2549
95,378,2550
95,475,2551
95,121,2552
95,61,2553
96,366,2554
96,417,2555
96,392,2556
96,234,2557
96,160,2558
96,13,2559
96,29,2560
96,78,2561
96,16,2562
96,412,2563
96,141,2564
97,450,2565
97,425,2566
97,83,2567
97,89,2568
97,124,2569
97,353,2570
97,254,2571
97,235,2572
97,96,2573
97,130,2574
97,286,2575
98,446,2576
98,452,2577
98,34,2578
98,91,2579
98,355,2580
98,44,2581
98,321,2582
98,288,2583
98,381,2584
98,229,2585
98,361,2586
99,119,2587
99,376,2588
99,315,2589
99,98,2590
99,308,2591
99,486,2592
99,336,2593
99,466,2594
99,230,2595
99,295,2596
100,139,2597
100,329,2598
100,350,2599
100,244,2600
100,370,2601
100,106,2602
100,171,2603
100,344,2604
100,277,2605
100,86,2606
100,114,2607
100,422,2608
102,371,2609
102,351,2610
102,324,2611
102,172,2612
102,61,2613
102,48,2614
102,68,2615
102,159,2616
103,16,2617
103,292,2618
103,299,2619
103,405,2620
103,399,2621
103,366,2622
103,392,2623
103,346,2624
103,160,2625
103,75,2626
103,82,2627
103,213,2628
104,117,2629
104,17,2630
104,490,2631
104,293,2632
104,347,2633
104,142,2634
104,207,2635
104,326,2636
104,247,2637
104,406,2638
104,161,2639
104,221,2640
104,130,2641
104,477,2642
104,228,2643
104,168,2644
105,314,2645
105,104,2646
105,327,2647
105,321,2648
105,215,2649
105,301,2650
105,232,2651
105,281,2652
105,401,2653
105,1,2654
105,478,2655
105,268,2656
105,229,2657
105,110,2658
105,12,2659
105,465,2660
105,44,2661
106,203,2662
106,262,2663
106,65,2664
106,242,2665
106,414,2666
106,183,2667
106,190,2668
106,466,2669
106,138,2670
106,150,2671
106,492,2672
106,92,2673
106,224,2674
106,52,2675
106,79,2676
106,276,2677
106,119,2678
106,328,2679
107,80,2680
107,435,2681
107,460,2682
107,225,2683
107,277,2684
107,319,2685
107,257,2686
107,33,2687
107,428,2688
107,296,2689
107,158,2690
107,422,2691
107,178,2692
107,20,2693
107,290,2694
108,365,2695
108,384,2696
108,291,2697
108,391,2698
108,166,2699
108,304,2700
108,468,2701
108,67,2702
108,358,2703
108,101,2704
109,153,2705
109,352,2706
109,55,2707
109,16,2708
109,129,2709
109,476,2710
109,200,2711
109,82,2712
110,334,2713
110,387,2714
110,340,2715
110,23,2716
110,181,2717
110,445,2718
110,168,2719
110,136,2720
110,96,2721
110,148,2722
110,109,2723
110,287,2724
110,161,2725
110,393,2726
110,0,2727
110,50,2728
110,490,2729
111,31,2730
111,478,2731
111,381,2732
111,34,2733
111,1,2734
111,169,2735
111,471,2736
111,364,2737
111,189,2738
111,156,2739
111,165,2740
111,25,2741
111,51,2742
111,301,2743
111,149,2744
111,208,2745
111,274,2746
111,125,2747
114,328,2748
114,369,2749
114,362,2750
114,336,2751
114,45,2752
114,113,2753
114,308,2754
114,349,2755
114,105,2756
114,382,2757
114,486,2758
114,237,2759
114,315,2760
114,441,2761
114,150,2762
114,183,2763
114,302,2764
115,316,2765
115,217,2766
115,303,2767
115,127,2768
115,8,2769
115,467,2770
115,47,2771
115,396,2772
115,187,2773
115,319,2774
115,310,2775
115,40,2776
115,377,2777
115,323,2778
115,99,2779
116,9,2780
116,397,2781
116,265,2782
116,443,2783
116,423,2784
116,3,2785
116,54,2786
116,331,2787
116,205,2788
116,271,2789
116,21,2790
116,74,2791
116,291,2792
117,346,2793
117,193,2794
117,342,2795
117,292,2796
117,379,2797
117,167,2798
117,318,2799
117,82,2800
117,186,2801
117,227,2802
118,24,2803
118,11,2804
118,313,2805
118,188,2806
118,57,2807
118,380,2808
118,484,2809
118,214,2810
118,181,2811
118,273,2812
118,418,2813
118,470,2814
118,168,2815
119,38,2816
119,175,2817
119,429,2818
119,241,2819
119,104,2820
119,361,2821
119,255,2822
119,12,2823
119,25,2824
119,274,2825
119,420,2826
119,215,2827
119,165,2828
119,374,2829
120,131,2830
120,492,2831
120,302,2832
120,322,2833
120,119,2834
120,262,2835
120,328,2836
120,414,2837
120,170,2838
121,20,2839
121,204,2840
121,99,2841
121,493,2842
121,106,2843
121,257,2844
121,474,2845
121,86,2846
121,158,2847
121,73,2848
121,270,2849
121,283,2850
121,370,2851
121,123,2852
121,15,2853
122,107,2854
122,430,2855
122,265,2856
122,330,2857
122,212,2858
122,245,2859
122,134,2860
122,278,2861
122,416,2862
122,21,2863
122,365,2864
122,115,2865
122,338,2866
122,488,2867
123,78,2868
123,272,2869
123,206,2870
123,352,2871
123,135,2872
123,424,2873
123,339,2874
123,129,2875
123,13,2876
123,4,2877
123,29,2878
125,43,2879
125,457,2880
125,57,2881
125,477,2882
125,181,2883
125,117,2884
125,50,2885
125,136,2886
125,11,2887
125,418,2888
125,353,2889
125,70,2890
125,168,2891
125,0,2892
126,361,2893
126,169,2894
126,104,2895
126,84,2896
126,189,2897
126,97,2898
126,485,2899
126,118,2900
126,215,2901
126,341,2902
126,297,2903
126,143,2904
126,241,2905
126,452,2906
126,381,2907
127,170,2908
127,459,2909
127,256,2910
127,328,2911
127,243,2912
127,447,2913
127,414,2914
127,466,2915
127,157,2916
127,79,2917
127,190,2918
127,336,2919
128,467,2920
128,329,2921
128,145,2922
128,139,2923
128,296,2924
128,460,2925
128,106,2926
128,250,2927
128,217,2928
128,93,2929
128,191,2930
128,220,2931
128,204,2932
128,187,2933
128,184,2934
128,20,2935
128,442,2936
129,48,2937
129,9,2938
129,245,2939
129,199,2940
129,3,2941
129,404,2942
129,298,2943
129,475,2944
129,462,2945
129,411,2946
129,264,2947
129,455,2948
129,304,2949
129,330,2950
129,311,2951
129,378,2952
130,62,2953
130,469,2954
130,141,2955
130,392,2956
130,29,2957
130,482,2958
130,318,2960
130,440,2961
130,259,2962
130,160,2963
130,69,2964
130,272,2965
131,400,2966
131,438,2967
131,464,2968
131,477,2969
131,43,2970
131,24,2971
131,247,2972
131,181,2973
131,136,2974
131,490,2975
131,30,2976
131,300,2977
132,471,2978
132,439,2979
132,208,2980
132,288,2981
132,335,2982
132,429,2983
132,327,2984
132,241,2985
132,195,2986
132,38,2987
133,112,2988
133,7,2989
133,249,2990
133,163,2991
133,414,2992
133,276,2993
133,453,2994
133,382,2995
133,138,2996
133,157,2997
133,315,2998
133,362,2999
133,39,3000
133,322,3001
133,336,3002
133,473,3003
133,177,3004
133,427,3005
133,243,3006
134,40,3007
134,178,3008
134,20,3009
134,53,3010
134,290,3011
134,47,3012
134,377,3013
134,386,3014
134,253,3015
134,145,3016
134,270,3017
134,350,3018
134,132,3019
134,257,3020
136,128,3021
136,101,3022
136,462,3023
136,358,3024
136,179,3025
136,391,3026
136,107,3027
136,443,3028
136,475,3029
136,54,3030
136,245,3031
136,35,3032
137,4,3033
137,259,3034
137,489,3035
137,456,3036
137,440,3037
137,213,3038
137,246,3039
137,206,3040
137,372,3041
137,449,3042
137,55,3043
137,412,3044
138,5,3045
138,124,3046
138,470,3047
138,380,3048
138,313,3049
138,50,3050
138,247,3051
138,373,3052
138,222,3053
138,24,3054
139,452,3055
139,195,3056
139,18,3057
139,6,3058
139,64,3059
139,118,3060
139,301,3061
139,471,3062
139,110,3063
139,426,3064
139,374,3065
139,169,3066
139,25,3067
139,288,3068
139,458,3069
139,137,3070
139,97,3071
139,485,3072
140,19,3073
140,224,3074
140,395,3075
140,421,3076
140,203,3077
140,336,3078
140,216,3079
140,409,3080
140,210,3081
140,59,3082
140,32,3083
140,308,3084
140,302,3085
140,111,3086
141,344,3087
141,428,3088
141,474,3089
141,435,3090
141,283,3091
141,337,3092
141,370,3093
141,422,3094
141,151,3095
141,106,3096
141,480,3097
141,86,3098
141,244,3099
142,251,3100
142,488,3101
142,199,3102
142,475,3103
142,133,3104
142,226,3105
142,481,3106
142,233,3107
142,258,3108
142,128,3109
142,298,3110
142,61,3111
142,28,3112
142,198,3113
142,2,3114
142,332,3115
142,185,3116
142,404,3117
142,218,3118
143,482,3119
143,209,3120
143,234,3121
143,29,3122
143,116,3123
143,42,3124
143,412,3125
143,266,3126
143,431,3127
143,10,3128
143,272,3129
143,173,3130
143,366,3131
143,399,3132
143,305,3133
143,49,3134
143,456,3135
143,424,3136
143,36,3137
144,207,3138
144,83,3139
144,50,3140
144,450,3141
144,89,3142
144,477,3143
144,280,3144
144,148,3145
145,51,3146
145,77,3147
145,407,3148
145,348,3149
145,485,3150
145,458,3151
145,232,3152
145,261,3153
147,112,3154
147,295,3155
147,322,3156
147,52,3157
147,176,3158
147,242,3159
147,473,3160
147,59,3161
147,376,3162
147,138,3163
147,126,3164
147,315,3165
148,250,3166
148,386,3167
148,422,3168
148,253,3169
148,480,3170
148,53,3171
148,164,3172
148,310,3173
148,187,3174
148,211,3175
149,265,3176
149,404,3177
149,251,3178
149,324,3179
149,330,3180
149,233,3181
149,67,3182
149,81,3183
149,166,3184
150,275,3185
150,200,3186
150,78,3187
150,449,3188
150,246,3189
150,456,3190
150,213,3191
150,482,3192
150,266,3193
150,379,3194
150,10,3195
150,22,3196
150,167,3197
150,299,3198
150,147,3199
150,36,3200
150,285,3201
150,359,3202
150,180,3203
151,90,3204
151,320,3205
151,286,3206
151,418,3207
151,490,3208
151,0,3209
151,228,3210
151,293,3211
151,154,3212
151,5,3213
151,353,3214
151,477,3215
151,83,3216
151,406,3217
152,268,3218
152,478,3219
152,307,3220
152,288,3221
152,248,3222
152,426,3223
152,261,3224
152,18,3225
152,44,3226
152,458,3227
152,232,3228
152,149,3229
152,327,3230
152,38,3231
152,361,3232
152,281,3233
152,34,3234
153,453,3235
153,119,3236
153,19,3237
153,282,3238
153,85,3239
153,421,3240
153,39,3241
153,382,3242
154,164,3243
154,337,3244
154,191,3245
154,386,3246
154,448,3247
154,442,3248
154,33,3249
154,197,3250
154,47,3251
154,139,3252
154,296,3253
154,27,3254
154,290,3255
154,60,3256
154,410,3257
154,151,3258
154,377,3259
155,48,3260
155,2,3261
155,264,3262
155,152,3263
155,351,3264
155,468,3265
155,331,3266
155,251,3267
156,55,3268
156,372,3269
156,279,3270
156,259,3271
156,346,3272
156,476,3273
156,456,3274
156,359,3275
156,49,3276
156,206,3277
156,200,3278
156,234,3279
158,387,3280
158,24,3281
158,124,3282
158,425,3283
158,23,3284
158,326,3285
158,464,3286
158,477,3287
158,228,3288
158,367,3289
158,419,3290
158,353,3291
158,457,3292
158,109,3293
158,194,3294
159,156,3295
159,149,3296
159,394,3297
159,77,3298
159,281,3299
159,355,3300
159,458,3301
159,381,3302
160,395,3303
160,190,3304
160,356,3305
160,242,3306
160,46,3307
160,402,3308
160,472,3309
160,52,3310
160,421,3311
160,486,3312
160,210,3313
160,322,3314
160,382,3315
160,112,3316
160,176,3317
160,183,3318
160,447,3319
160,126,3320
161,197,3321
161,171,3322
161,93,3323
161,158,3324
161,480,3325
161,323,3326
161,296,3327
161,15,3328
161,410,3329
161,350,3330
161,204,3331
161,253,3332
161,145,3333
161,448,3334
161,238,3335
161,80,3336
161,386,3337
161,257,3338
161,344,3339
162,258,3340
162,304,3341
162,166,3342
162,488,3343
162,468,3344
162,81,3345
162,61,3346
162,140,3347
162,265,3348
162,443,3349
163,437,3350
163,75,3351
163,78,3352
163,49,3353
163,180,3354
163,135,3355
163,379,3356
163,259,3357
163,129,3358
163,193,3359
163,42,3360
163,482,3361
163,299,3362
163,352,3363
163,408,3364
163,13,3365
163,147,3366
163,405,3367
164,90,3368
164,0,3369
164,470,3370
164,70,3371
164,109,3372
164,419,3373
164,425,3374
164,445,3375
164,161,3376
164,340,3377
164,347,3378
164,23,3379
165,38,3380
165,175,3381
165,195,3382
165,341,3383
165,248,3384
165,381,3385
165,143,3386
165,452,3387
166,14,3388
166,19,3389
166,230,3390
166,45,3391
166,376,3392
166,243,3393
166,315,3394
166,85,3395
166,362,3396
166,453,3397
166,389,3398
166,92,3399
166,26,3400
166,289,3401
167,323,3402
167,303,3403
167,106,3404
167,139,3405
167,329,3406
167,164,3407
167,123,3408
167,363,3409
167,27,3410
167,396,3411
167,158,3412
167,127,3413
167,86,3414
