template_column,held_out_template,n_train,n_test,accuracy,macro_f1,precision,recall,roc_auc
opening_id,0,2252,148,1.0,1.0,1.0,1.0,1.0
opening_id,1,2251,149,1.0,1.0,1.0,1.0,1.0
opening_id,2,2237,163,1.0,1.0,1.0,1.0,1.0
opening_id,3,2220,180,1.0,1.0,1.0,1.0,1.0
opening_id,4,2252,148,1.0,1.0,1.0,1.0,1.0
opening_id,5,2238,162,1.0,1.0,1.0,1.0,1.0
opening_id,6,2257,143,1.0,1.0,1.0,1.0,1.0
opening_id,7,2224,176,1.0,1.0,1.0,1.0,1.0
opening_id,8,2250,150,1.0,1.0,1.0,1.0,1.0
opening_id,9,2221,179,1.0,1.0,1.0,1.0,1.0
opening_id,10,2245,155,1.0,1.0,1.0,1.0,1.0
opening_id,11,2242,158,1.0,1.0,1.0,1.0,1.0
opening_id,12,2238,162,1.0,1.0,1.0,1.0,1.0
opening_id,13,2230,170,1.0,1.0,1.0,1.0,1.0
opening_id,14,2243,157,1.0,1.0,1.0,1.0,1.0
