concept,candidate,probability
grass,red,0.1661193072795868
grass,blue,0.16133776307106018
grass,green,0.1808559000492096
grass,yellow,0.16901515424251556
grass,purple,0.1615830808877945
grass,orange,0.16108883917331696
blood,red,0.17195869982242584
blood,blue,0.17443861067295074
blood,green,0.15827739238739014
blood,yellow,0.15833376348018646
blood,purple,0.1713622808456421
blood,orange,0.1656293123960495
fire,red,0.17331749200820923
fire,blue,0.16939756274223328
fire,green,0.16229182481765747
fire,yellow,0.16359753906726837
fire,purple,0.1614896059036255
fire,orange,0.16990596055984497
ocean,red,0.15900444984436035
ocean,blue,0.17483961582183838
ocean,green,0.16413210332393646
ocean,yellow,0.1650128960609436
ocean,purple,0.16462254524230957
ocean,orange,0.1723884791135788
snow,red,0.17277143895626068
snow,blue,0.17018595337867737
snow,green,0.16112235188484192
snow,yellow,0.16554084420204163
snow,purple,0.1614953875541687
snow,orange,0.1688840687274933
sun,red,0.16806305944919586
sun,blue,0.16984990239143372
sun,green,0.16384568810462952
sun,yellow,0.16499990224838257
sun,purple,0.15987367928028107
sun,orange,0.17336778342723846
tree,red,0.16876770555973053
tree,blue,0.16747073829174042
tree,green,0.1704300343990326
tree,yellow,0.1598188579082489
tree,purple,0.15725862979888916
tree,orange,0.17625398933887482
rose,red,0.18504463136196136
rose,blue,0.15171891450881958
rose,green,0.17202533781528473
rose,yellow,0.1591075211763382
rose,purple,0.15674099326133728
rose,orange,0.17536255717277527
sky,red,0.16361890733242035
sky,blue,0.17979685962200165
sky,green,0.16567106544971466
sky,yellow,0.15980029106140137
sky,purple,0.1640688180923462
sky,orange,0.1670440435409546
lemon,red,0.15815488994121552
lemon,blue,0.16204752027988434
lemon,green,0.17757391929626465
lemon,yellow,0.1609632521867752
lemon,purple,0.15913709998130798
lemon,orange,0.1821233481168747
math,red,0.17032493650913239
math,blue,0.17855487763881683
math,green,0.15871800482273102
math,yellow,0.1601485162973404
math,purple,0.16184478998184204
math,orange,0.17040884494781494
science,red,0.16711002588272095
science,blue,0.17696669697761536
science,green,0.16459356248378754
science,yellow,0.16072477400302887
science,purple,0.15854711830615997
science,orange,0.17205780744552612
freedom,red,0.1663050502538681
freedom,blue,0.17111366987228394
freedom,green,0.1728447824716568
freedom,yellow,0.1577903926372528
freedom,purple,0.16643452644348145
freedom,orange,0.16551151871681213
justice,red,0.16252928972244263
justice,blue,0.1673751026391983
justice,green,0.17375360429286957
justice,yellow,0.15815234184265137
justice,purple,0.16301000118255615
justice,orange,0.17517967522144318
anger,red,0.1714099645614624
anger,blue,0.16642089188098907
anger,green,0.16216258704662323
anger,yellow,0.16063188016414642
anger,purple,0.16718575358390808
anger,orange,0.1721889227628708
love,red,0.1658480018377304
love,blue,0.176875501871109
love,green,0.16655123233795166
love,yellow,0.15986192226409912
love,purple,0.16802184283733368
love,orange,0.1628415286540985
success,red,0.16842962801456451
success,blue,0.17341262102127075
success,green,0.16746310889720917
success,yellow,0.157810777425766
success,purple,0.16200284659862518
success,orange,0.17088103294372559
failure,red,0.16893106698989868
failure,blue,0.16934466361999512
failure,green,0.16034339368343353
failure,yellow,0.1670829951763153
failure,purple,0.16420891880989075
failure,orange,0.17008893191814423
creativity,red,0.16474097967147827
creativity,blue,0.1766258031129837
creativity,green,0.17212532460689545
creativity,yellow,0.16154763102531433
creativity,purple,0.15954259037971497
creativity,orange,0.1654176563024521
intelligence,red,0.16152411699295044
intelligence,blue,0.17113040387630463
intelligence,green,0.17580623924732208
intelligence,yellow,0.16207575798034668
intelligence,purple,0.16073821485042572
intelligence,orange,0.16872525215148926
chaos,red,0.16430576145648956
chaos,blue,0.17777019739151
chaos,green,0.16206595301628113
chaos,yellow,0.16107657551765442
chaos,purple,0.17051103711128235
chaos,orange,0.16427044570446014
peace,red,0.16492389142513275
peace,blue,0.17351190745830536
peace,green,0.16844499111175537
peace,yellow,0.16267910599708557
peace,purple,0.1666228324174881
peace,orange,0.16381718218326569
nostalgia,red,0.16755050420761108
nostalgia,blue,0.16592825949192047
nostalgia,green,0.16342030465602875
nostalgia,yellow,0.16520844399929047
nostalgia,purple,0.16775202751159668
nostalgia,orange,0.17014050483703613
loneliness,red,0.16420027613639832
loneliness,blue,0.17395533621311188
loneliness,green,0.1684683859348297
loneliness,yellow,0.16284599900245667
loneliness,purple,0.16531608998775482
loneliness,orange,0.1652139276266098
danger,red,0.16767384111881256
danger,blue,0.16722361743450165
danger,green,0.1702546328306198
danger,yellow,0.16754283010959625
danger,purple,0.1602366715669632
danger,orange,0.16706842184066772
