item_id,title,brand,category,description,item_idx
item_0,running product 0,brand_0,running,A running item with feature group 0.,0
item_1,fitness product 1,brand_1,fitness,A fitness item with feature group 1.,1
item_10,outdoor product 10,brand_10,outdoor,A outdoor item with feature group 10.,2
item_100,outdoor product 100,brand_0,outdoor,A outdoor item with feature group 10.,3
item_101,books product 101,brand_1,books,A books item with feature group 11.,4
item_102,running product 102,brand_2,running,A running item with feature group 12.,5
item_103,fitness product 103,brand_3,fitness,A fitness item with feature group 13.,6
item_104,gaming product 104,brand_4,gaming,A gaming item with feature group 14.,7
item_105,kitchen product 105,brand_5,kitchen,A kitchen item with feature group 0.,8
item_106,outdoor product 106,brand_6,outdoor,A outdoor item with feature group 1.,9
item_107,books product 107,brand_7,books,A books item with feature group 2.,10
item_108,running product 108,brand_8,running,A running item with feature group 3.,11
item_109,fitness product 109,brand_9,fitness,A fitness item with feature group 4.,12
item_11,books product 11,brand_11,books,A books item with feature group 11.,13
item_110,gaming product 110,brand_10,gaming,A gaming item with feature group 5.,14
item_111,kitchen product 111,brand_11,kitchen,A kitchen item with feature group 6.,15
item_113,books product 113,brand_13,books,A books item with feature group 8.,16
item_114,running product 114,brand_14,running,A running item with feature group 9.,17
item_115,fitness product 115,brand_15,fitness,A fitness item with feature group 10.,18
item_116,gaming product 116,brand_16,gaming,A gaming item with feature group 11.,19
item_117,kitchen product 117,brand_17,kitchen,A kitchen item with feature group 12.,20
item_118,outdoor product 118,brand_18,outdoor,A outdoor item with feature group 13.,21
item_119,books product 119,brand_19,books,A books item with feature group 14.,22
item_12,running product 12,brand_12,running,A running item with feature group 12.,23
item_120,running product 120,brand_20,running,A running item with feature group 0.,24
item_121,fitness product 121,brand_21,fitness,A fitness item with feature group 1.,25
item_122,gaming product 122,brand_22,gaming,A gaming item with feature group 2.,26
item_123,kitchen product 123,brand_23,kitchen,A kitchen item with feature group 3.,27
item_124,outdoor product 124,brand_24,outdoor,A outdoor item with feature group 4.,28
item_125,books product 125,brand_0,books,A books item with feature group 5.,29
item_126,running product 126,brand_1,running,A running item with feature group 6.,30
item_127,fitness product 127,brand_2,fitness,A fitness item with feature group 7.,31
item_128,gaming product 128,brand_3,gaming,A gaming item with feature group 8.,32
item_129,kitchen product 129,brand_4,kitchen,A kitchen item with feature group 9.,33
item_13,fitness product 13,brand_13,fitness,A fitness item with feature group 13.,34
item_130,outdoor product 130,brand_5,outdoor,A outdoor item with feature group 10.,35
item_131,books product 131,brand_6,books,A books item with feature group 11.,36
item_132,running product 132,brand_7,running,A running item with feature group 12.,37
item_133,fitness product 133,brand_8,fitness,A fitness item with feature group 13.,38
item_134,gaming product 134,brand_9,gaming,A gaming item with feature group 14.,39
item_135,kitchen product 135,brand_10,kitchen,A kitchen item with feature group 0.,40
item_136,outdoor product 136,brand_11,outdoor,A outdoor item with feature group 1.,41
item_137,books product 137,brand_12,books,A books item with feature group 2.,42
item_138,running product 138,brand_13,running,A running item with feature group 3.,43
item_139,fitness product 139,brand_14,fitness,A fitness item with feature group 4.,44
item_14,gaming product 14,brand_14,gaming,A gaming item with feature group 14.,45
item_140,gaming product 140,brand_15,gaming,A gaming item with feature group 5.,46
item_141,kitchen product 141,brand_16,kitchen,A kitchen item with feature group 6.,47
item_142,outdoor product 142,brand_17,outdoor,A outdoor item with feature group 7.,48
item_143,books product 143,brand_18,books,A books item with feature group 8.,49
item_144,running product 144,brand_19,running,A running item with feature group 9.,50
item_145,fitness product 145,brand_20,fitness,A fitness item with feature group 10.,51
item_146,gaming product 146,brand_21,gaming,A gaming item with feature group 11.,52
item_147,kitchen product 147,brand_22,kitchen,A kitchen item with feature group 12.,53
item_148,outdoor product 148,brand_23,outdoor,A outdoor item with feature group 13.,54
item_149,books product 149,brand_24,books,A books item with feature group 14.,55
item_15,kitchen product 15,brand_15,kitchen,A kitchen item with feature group 0.,56
item_150,running product 150,brand_0,running,A running item with feature group 0.,57
item_151,fitness product 151,brand_1,fitness,A fitness item with feature group 1.,58
item_152,gaming product 152,brand_2,gaming,A gaming item with feature group 2.,59
item_153,kitchen product 153,brand_3,kitchen,A kitchen item with feature group 3.,60
item_154,outdoor product 154,brand_4,outdoor,A outdoor item with feature group 4.,61
item_155,books product 155,brand_5,books,A books item with feature group 5.,62
item_156,running product 156,brand_6,running,A running item with feature group 6.,63
item_157,fitness product 157,brand_7,fitness,A fitness item with feature group 7.,64
item_158,gaming product 158,brand_8,gaming,A gaming item with feature group 8.,65
item_159,kitchen product 159,brand_9,kitchen,A kitchen item with feature group 9.,66
item_16,outdoor product 16,brand_16,outdoor,A outdoor item with feature group 1.,67
item_160,outdoor product 160,brand_10,outdoor,A outdoor item with feature group 10.,68
item_161,books product 161,brand_11,books,A books item with feature group 11.,69
item_162,running product 162,brand_12,running,A running item with feature group 12.,70
item_163,fitness product 163,brand_13,fitness,A fitness item with feature group 13.,71
item_164,gaming product 164,brand_14,gaming,A gaming item with feature group 14.,72
item_165,kitchen product 165,brand_15,kitchen,A kitchen item with feature group 0.,73
item_166,outdoor product 166,brand_16,outdoor,A outdoor item with feature group 1.,74
item_167,books product 167,brand_17,books,A books item with feature group 2.,75
item_168,running product 168,brand_18,running,A running item with feature group 3.,76
item_169,fitness product 169,brand_19,fitness,A fitness item with feature group 4.,77
item_17,books product 17,brand_17,books,A books item with feature group 2.,78
item_170,gaming product 170,brand_20,gaming,A gaming item with feature group 5.,79
item_171,kitchen product 171,brand_21,kitchen,A kitchen item with feature group 6.,80
item_172,outdoor product 172,brand_22,outdoor,A outdoor item with feature group 7.,81
item_173,books product 173,brand_23,books,A books item with feature group 8.,82
item_174,running product 174,brand_24,running,A running item with feature group 9.,83
item_175,fitness product 175,brand_0,fitness,A fitness item with feature group 10.,84
item_176,gaming product 176,brand_1,gaming,A gaming item with feature group 11.,85
item_177,kitchen product 177,brand_2,kitchen,A kitchen item with feature group 12.,86
item_178,outdoor product 178,brand_3,outdoor,A outdoor item with feature group 13.,87
item_179,books product 179,brand_4,books,A books item with feature group 14.,88
item_18,running product 18,brand_18,running,A running item with feature group 3.,89
item_180,running product 180,brand_5,running,A running item with feature group 0.,90
item_181,fitness product 181,brand_6,fitness,A fitness item with feature group 1.,91
item_182,gaming product 182,brand_7,gaming,A gaming item with feature group 2.,92
item_183,kitchen product 183,brand_8,kitchen,A kitchen item with feature group 3.,93
item_184,outdoor product 184,brand_9,outdoor,A outdoor item with feature group 4.,94
item_185,books product 185,brand_10,books,A books item with feature group 5.,95
item_186,running product 186,brand_11,running,A running item with feature group 6.,96
item_187,fitness product 187,brand_12,fitness,A fitness item with feature group 7.,97
item_188,gaming product 188,brand_13,gaming,A gaming item with feature group 8.,98
item_189,kitchen product 189,brand_14,kitchen,A kitchen item with feature group 9.,99
item_19,fitness product 19,brand_19,fitness,A fitness item with feature group 4.,100
item_190,outdoor product 190,brand_15,outdoor,A outdoor item with feature group 10.,101
item_191,books product 191,brand_16,books,A books item with feature group 11.,102
item_192,running product 192,brand_17,running,A running item with feature group 12.,103
item_193,fitness product 193,brand_18,fitness,A fitness item with feature group 13.,104
item_194,gaming product 194,brand_19,gaming,A gaming item with feature group 14.,105
item_195,kitchen product 195,brand_20,kitchen,A kitchen item with feature group 0.,106
item_196,outdoor product 196,brand_21,outdoor,A outdoor item with feature group 1.,107
item_197,books product 197,brand_22,books,A books item with feature group 2.,108
item_198,running product 198,brand_23,running,A running item with feature group 3.,109
item_199,fitness product 199,brand_24,fitness,A fitness item with feature group 4.,110
item_2,gaming product 2,brand_2,gaming,A gaming item with feature group 2.,111
item_20,gaming product 20,brand_20,gaming,A gaming item with feature group 5.,112
item_200,gaming product 200,brand_0,gaming,A gaming item with feature group 5.,113
item_201,kitchen product 201,brand_1,kitchen,A kitchen item with feature group 6.,114
item_202,outdoor product 202,brand_2,outdoor,A outdoor item with feature group 7.,115
item_203,books product 203,brand_3,books,A books item with feature group 8.,116
item_204,running product 204,brand_4,running,A running item with feature group 9.,117
item_205,fitness product 205,brand_5,fitness,A fitness item with feature group 10.,118
item_206,gaming product 206,brand_6,gaming,A gaming item with feature group 11.,119
item_207,kitchen product 207,brand_7,kitchen,A kitchen item with feature group 12.,120
item_208,outdoor product 208,brand_8,outdoor,A outdoor item with feature group 13.,121
item_209,books product 209,brand_9,books,A books item with feature group 14.,122
item_21,kitchen product 21,brand_21,kitchen,A kitchen item with feature group 6.,123
item_210,running product 210,brand_10,running,A running item with feature group 0.,124
item_211,fitness product 211,brand_11,fitness,A fitness item with feature group 1.,125
item_212,gaming product 212,brand_12,gaming,A gaming item with feature group 2.,126
item_213,kitchen product 213,brand_13,kitchen,A kitchen item with feature group 3.,127
item_214,outdoor product 214,brand_14,outdoor,A outdoor item with feature group 4.,128
item_215,books product 215,brand_15,books,A books item with feature group 5.,129
item_216,running product 216,brand_16,running,A running item with feature group 6.,130
item_218,gaming product 218,brand_18,gaming,A gaming item with feature group 8.,131
item_219,kitchen product 219,brand_19,kitchen,A kitchen item with feature group 9.,132
item_22,outdoor product 22,brand_22,outdoor,A outdoor item with feature group 7.,133
item_220,outdoor product 220,brand_20,outdoor,A outdoor item with feature group 10.,134
item_221,books product 221,brand_21,books,A books item with feature group 11.,135
item_222,running product 222,brand_22,running,A running item with feature group 12.,136
item_223,fitness product 223,brand_23,fitness,A fitness item with feature group 13.,137
item_224,gaming product 224,brand_24,gaming,A gaming item with feature group 14.,138
item_225,kitchen product 225,brand_0,kitchen,A kitchen item with feature group 0.,139
item_226,outdoor product 226,brand_1,outdoor,A outdoor item with feature group 1.,140
item_227,books product 227,brand_2,books,A books item with feature group 2.,141
item_228,running product 228,brand_3,running,A running item with feature group 3.,142
item_229,fitness product 229,brand_4,fitness,A fitness item with feature group 4.,143
item_23,books product 23,brand_23,books,A books item with feature group 8.,144
item_231,kitchen product 231,brand_6,kitchen,A kitchen item with feature group 6.,145
item_232,outdoor product 232,brand_7,outdoor,A outdoor item with feature group 7.,146
item_233,books product 233,brand_8,books,A books item with feature group 8.,147
item_234,running product 234,brand_9,running,A running item with feature group 9.,148
item_235,fitness product 235,brand_10,fitness,A fitness item with feature group 10.,149
item_236,gaming product 236,brand_11,gaming,A gaming item with feature group 11.,150
item_237,kitchen product 237,brand_12,kitchen,A kitchen item with feature group 12.,151
item_238,outdoor product 238,brand_13,outdoor,A outdoor item with feature group 13.,152
item_239,books product 239,brand_14,books,A books item with feature group 14.,153
item_24,running product 24,brand_24,running,A running item with feature group 9.,154
item_240,running product 240,brand_15,running,A running item with feature group 0.,155
item_241,fitness product 241,brand_16,fitness,A fitness item with feature group 1.,156
item_242,gaming product 242,brand_17,gaming,A gaming item with feature group 2.,157
item_243,kitchen product 243,brand_18,kitchen,A kitchen item with feature group 3.,158
item_244,outdoor product 244,brand_19,outdoor,A outdoor item with feature group 4.,159
item_245,books product 245,brand_20,books,A books item with feature group 5.,160
item_246,running product 246,brand_21,running,A running item with feature group 6.,161
item_247,fitness product 247,brand_22,fitness,A fitness item with feature group 7.,162
item_248,gaming product 248,brand_23,gaming,A gaming item with feature group 8.,163
item_249,kitchen product 249,brand_24,kitchen,A kitchen item with feature group 9.,164
item_25,fitness product 25,brand_0,fitness,A fitness item with feature group 10.,165
item_250,outdoor product 250,brand_0,outdoor,A outdoor item with feature group 10.,166
item_251,books product 251,brand_1,books,A books item with feature group 11.,167
item_252,running product 252,brand_2,running,A running item with feature group 12.,168
item_253,fitness product 253,brand_3,fitness,A fitness item with feature group 13.,169
item_254,gaming product 254,brand_4,gaming,A gaming item with feature group 14.,170
item_255,kitchen product 255,brand_5,kitchen,A kitchen item with feature group 0.,171
item_256,outdoor product 256,brand_6,outdoor,A outdoor item with feature group 1.,172
item_257,books product 257,brand_7,books,A books item with feature group 2.,173
item_258,running product 258,brand_8,running,A running item with feature group 3.,174
item_259,fitness product 259,brand_9,fitness,A fitness item with feature group 4.,175
item_26,gaming product 26,brand_1,gaming,A gaming item with feature group 11.,176
item_260,gaming product 260,brand_10,gaming,A gaming item with feature group 5.,177
item_261,kitchen product 261,brand_11,kitchen,A kitchen item with feature group 6.,178
item_262,outdoor product 262,brand_12,outdoor,A outdoor item with feature group 7.,179
item_263,books product 263,brand_13,books,A books item with feature group 8.,180
item_264,running product 264,brand_14,running,A running item with feature group 9.,181
item_265,fitness product 265,brand_15,fitness,A fitness item with feature group 10.,182
item_266,gaming product 266,brand_16,gaming,A gaming item with feature group 11.,183
item_267,kitchen product 267,brand_17,kitchen,A kitchen item with feature group 12.,184
item_268,outdoor product 268,brand_18,outdoor,A outdoor item with feature group 13.,185
item_269,books product 269,brand_19,books,A books item with feature group 14.,186
item_27,kitchen product 27,brand_2,kitchen,A kitchen item with feature group 12.,187
item_270,running product 270,brand_20,running,A running item with feature group 0.,188
item_271,fitness product 271,brand_21,fitness,A fitness item with feature group 1.,189
item_272,gaming product 272,brand_22,gaming,A gaming item with feature group 2.,190
item_273,kitchen product 273,brand_23,kitchen,A kitchen item with feature group 3.,191
item_274,outdoor product 274,brand_24,outdoor,A outdoor item with feature group 4.,192
item_275,books product 275,brand_0,books,A books item with feature group 5.,193
item_276,running product 276,brand_1,running,A running item with feature group 6.,194
item_277,fitness product 277,brand_2,fitness,A fitness item with feature group 7.,195
item_278,gaming product 278,brand_3,gaming,A gaming item with feature group 8.,196
item_279,kitchen product 279,brand_4,kitchen,A kitchen item with feature group 9.,197
item_28,outdoor product 28,brand_3,outdoor,A outdoor item with feature group 13.,198
item_280,outdoor product 280,brand_5,outdoor,A outdoor item with feature group 10.,199
item_281,books product 281,brand_6,books,A books item with feature group 11.,200
item_282,running product 282,brand_7,running,A running item with feature group 12.,201
item_283,fitness product 283,brand_8,fitness,A fitness item with feature group 13.,202
item_284,gaming product 284,brand_9,gaming,A gaming item with feature group 14.,203
item_285,kitchen product 285,brand_10,kitchen,A kitchen item with feature group 0.,204
item_286,outdoor product 286,brand_11,outdoor,A outdoor item with feature group 1.,205
item_287,books product 287,brand_12,books,A books item with feature group 2.,206
item_288,running product 288,brand_13,running,A running item with feature group 3.,207
item_289,fitness product 289,brand_14,fitness,A fitness item with feature group 4.,208
item_29,books product 29,brand_4,books,A books item with feature group 14.,209
item_290,gaming product 290,brand_15,gaming,A gaming item with feature group 5.,210
item_291,kitchen product 291,brand_16,kitchen,A kitchen item with feature group 6.,211
item_292,outdoor product 292,brand_17,outdoor,A outdoor item with feature group 7.,212
item_293,books product 293,brand_18,books,A books item with feature group 8.,213
item_294,running product 294,brand_19,running,A running item with feature group 9.,214
item_295,fitness product 295,brand_20,fitness,A fitness item with feature group 10.,215
item_296,gaming product 296,brand_21,gaming,A gaming item with feature group 11.,216
item_297,kitchen product 297,brand_22,kitchen,A kitchen item with feature group 12.,217
item_298,outdoor product 298,brand_23,outdoor,A outdoor item with feature group 13.,218
item_299,books product 299,brand_24,books,A books item with feature group 14.,219
item_3,kitchen product 3,brand_3,kitchen,A kitchen item with feature group 3.,220
item_30,running product 30,brand_5,running,A running item with feature group 0.,221
item_300,running product 300,brand_0,running,A running item with feature group 0.,222
item_301,fitness product 301,brand_1,fitness,A fitness item with feature group 1.,223
item_302,gaming product 302,brand_2,gaming,A gaming item with feature group 2.,224
item_303,kitchen product 303,brand_3,kitchen,A kitchen item with feature group 3.,225
item_304,outdoor product 304,brand_4,outdoor,A outdoor item with feature group 4.,226
item_305,books product 305,brand_5,books,A books item with feature group 5.,227
item_306,running product 306,brand_6,running,A running item with feature group 6.,228
item_307,fitness product 307,brand_7,fitness,A fitness item with feature group 7.,229
item_308,gaming product 308,brand_8,gaming,A gaming item with feature group 8.,230
item_309,kitchen product 309,brand_9,kitchen,A kitchen item with feature group 9.,231
item_31,fitness product 31,brand_6,fitness,A fitness item with feature group 1.,232
item_310,outdoor product 310,brand_10,outdoor,A outdoor item with feature group 10.,233
item_311,books product 311,brand_11,books,A books item with feature group 11.,234
item_312,running product 312,brand_12,running,A running item with feature group 12.,235
item_313,fitness product 313,brand_13,fitness,A fitness item with feature group 13.,236
item_314,gaming product 314,brand_14,gaming,A gaming item with feature group 14.,237
item_315,kitchen product 315,brand_15,kitchen,A kitchen item with feature group 0.,238
item_316,outdoor product 316,brand_16,outdoor,A outdoor item with feature group 1.,239
item_318,running product 318,brand_18,running,A running item with feature group 3.,240
item_319,fitness product 319,brand_19,fitness,A fitness item with feature group 4.,241
item_32,gaming product 32,brand_7,gaming,A gaming item with feature group 2.,242
item_320,gaming product 320,brand_20,gaming,A gaming item with feature group 5.,243
item_321,kitchen product 321,brand_21,kitchen,A kitchen item with feature group 6.,244
item_322,outdoor product 322,brand_22,outdoor,A outdoor item with feature group 7.,245
item_323,books product 323,brand_23,books,A books item with feature group 8.,246
item_324,running product 324,brand_24,running,A running item with feature group 9.,247
item_325,fitness product 325,brand_0,fitness,A fitness item with feature group 10.,248
item_326,gaming product 326,brand_1,gaming,A gaming item with feature group 11.,249
item_327,kitchen product 327,brand_2,kitchen,A kitchen item with feature group 12.,250
item_328,outdoor product 328,brand_3,outdoor,A outdoor item with feature group 13.,251
item_329,books product 329,brand_4,books,A books item with feature group 14.,252
item_33,kitchen product 33,brand_8,kitchen,A kitchen item with feature group 3.,253
item_330,running product 330,brand_5,running,A running item with feature group 0.,254
item_331,fitness product 331,brand_6,fitness,A fitness item with feature group 1.,255
item_332,gaming product 332,brand_7,gaming,A gaming item with feature group 2.,256
item_333,kitchen product 333,brand_8,kitchen,A kitchen item with feature group 3.,257
item_334,outdoor product 334,brand_9,outdoor,A outdoor item with feature group 4.,258
item_335,books product 335,brand_10,books,A books item with feature group 5.,259
item_336,running product 336,brand_11,running,A running item with feature group 6.,260
item_337,fitness product 337,brand_12,fitness,A fitness item with feature group 7.,261
item_338,gaming product 338,brand_13,gaming,A gaming item with feature group 8.,262
item_339,kitchen product 339,brand_14,kitchen,A kitchen item with feature group 9.,263
item_34,outdoor product 34,brand_9,outdoor,A outdoor item with feature group 4.,264
item_340,outdoor product 340,brand_15,outdoor,A outdoor item with feature group 10.,265
item_341,books product 341,brand_16,books,A books item with feature group 11.,266
item_342,running product 342,brand_17,running,A running item with feature group 12.,267
item_343,fitness product 343,brand_18,fitness,A fitness item with feature group 13.,268
item_344,gaming product 344,brand_19,gaming,A gaming item with feature group 14.,269
item_345,kitchen product 345,brand_20,kitchen,A kitchen item with feature group 0.,270
item_346,outdoor product 346,brand_21,outdoor,A outdoor item with feature group 1.,271
item_347,books product 347,brand_22,books,A books item with feature group 2.,272
item_348,running product 348,brand_23,running,A running item with feature group 3.,273
item_349,fitness product 349,brand_24,fitness,A fitness item with feature group 4.,274
item_35,books product 35,brand_10,books,A books item with feature group 5.,275
item_350,gaming product 350,brand_0,gaming,A gaming item with feature group 5.,276
item_351,kitchen product 351,brand_1,kitchen,A kitchen item with feature group 6.,277
item_352,outdoor product 352,brand_2,outdoor,A outdoor item with feature group 7.,278
item_353,books product 353,brand_3,books,A books item with feature group 8.,279
item_354,running product 354,brand_4,running,A running item with feature group 9.,280
item_355,fitness product 355,brand_5,fitness,A fitness item with feature group 10.,281
item_356,gaming product 356,brand_6,gaming,A gaming item with feature group 11.,282
item_357,kitchen product 357,brand_7,kitchen,A kitchen item with feature group 12.,283
item_358,outdoor product 358,brand_8,outdoor,A outdoor item with feature group 13.,284
item_359,books product 359,brand_9,books,A books item with feature group 14.,285
item_36,running product 36,brand_11,running,A running item with feature group 6.,286
item_360,running product 360,brand_10,running,A running item with feature group 0.,287
item_361,fitness product 361,brand_11,fitness,A fitness item with feature group 1.,288
item_362,gaming product 362,brand_12,gaming,A gaming item with feature group 2.,289
item_363,kitchen product 363,brand_13,kitchen,A kitchen item with feature group 3.,290
item_364,outdoor product 364,brand_14,outdoor,A outdoor item with feature group 4.,291
item_365,books product 365,brand_15,books,A books item with feature group 5.,292
item_366,running product 366,brand_16,running,A running item with feature group 6.,293
item_367,fitness product 367,brand_17,fitness,A fitness item with feature group 7.,294
item_368,gaming product 368,brand_18,gaming,A gaming item with feature group 8.,295
item_369,kitchen product 369,brand_19,kitchen,A kitchen item with feature group 9.,296
item_37,fitness product 37,brand_12,fitness,A fitness item with feature group 7.,297
item_370,outdoor product 370,brand_20,outdoor,A outdoor item with feature group 10.,298
item_371,books product 371,brand_21,books,A books item with feature group 11.,299
item_372,running product 372,brand_22,running,A running item with feature group 12.,300
item_373,fitness product 373,brand_23,fitness,A fitness item with feature group 13.,301
item_374,gaming product 374,brand_24,gaming,A gaming item with feature group 14.,302
item_375,kitchen product 375,brand_0,kitchen,A kitchen item with feature group 0.,303
item_376,outdoor product 376,brand_1,outdoor,A outdoor item with feature group 1.,304
item_377,books product 377,brand_2,books,A books item with feature group 2.,305
item_378,running product 378,brand_3,running,A running item with feature group 3.,306
item_379,fitness product 379,brand_4,fitness,A fitness item with feature group 4.,307
item_38,gaming product 38,brand_13,gaming,A gaming item with feature group 8.,308
item_380,gaming product 380,brand_5,gaming,A gaming item with feature group 5.,309
item_381,kitchen product 381,brand_6,kitchen,A kitchen item with feature group 6.,310
item_382,outdoor product 382,brand_7,outdoor,A outdoor item with feature group 7.,311
item_383,books product 383,brand_8,books,A books item with feature group 8.,312
item_384,running product 384,brand_9,running,A running item with feature group 9.,313
item_385,fitness product 385,brand_10,fitness,A fitness item with feature group 10.,314
item_386,gaming product 386,brand_11,gaming,A gaming item with feature group 11.,315
item_387,kitchen product 387,brand_12,kitchen,A kitchen item with feature group 12.,316
item_388,outdoor product 388,brand_13,outdoor,A outdoor item with feature group 13.,317
item_389,books product 389,brand_14,books,A books item with feature group 14.,318
item_39,kitchen product 39,brand_14,kitchen,A kitchen item with feature group 9.,319
item_390,running product 390,brand_15,running,A running item with feature group 0.,320
item_391,fitness product 391,brand_16,fitness,A fitness item with feature group 1.,321
item_392,gaming product 392,brand_17,gaming,A gaming item with feature group 2.,322
item_393,kitchen product 393,brand_18,kitchen,A kitchen item with feature group 3.,323
item_394,outdoor product 394,brand_19,outdoor,A outdoor item with feature group 4.,324
item_395,books product 395,brand_20,books,A books item with feature group 5.,325
item_396,running product 396,brand_21,running,A running item with feature group 6.,326
item_397,fitness product 397,brand_22,fitness,A fitness item with feature group 7.,327
item_398,gaming product 398,brand_23,gaming,A gaming item with feature group 8.,328
item_399,kitchen product 399,brand_24,kitchen,A kitchen item with feature group 9.,329
item_4,outdoor product 4,brand_4,outdoor,A outdoor item with feature group 4.,330
item_40,outdoor product 40,brand_15,outdoor,A outdoor item with feature group 10.,331
item_400,outdoor product 400,brand_0,outdoor,A outdoor item with feature group 10.,332
item_401,books product 401,brand_1,books,A books item with feature group 11.,333
item_402,running product 402,brand_2,running,A running item with feature group 12.,334
item_403,fitness product 403,brand_3,fitness,A fitness item with feature group 13.,335
item_404,gaming product 404,brand_4,gaming,A gaming item with feature group 14.,336
item_405,kitchen product 405,brand_5,kitchen,A kitchen item with feature group 0.,337
item_406,outdoor product 406,brand_6,outdoor,A outdoor item with feature group 1.,338
item_407,books product 407,brand_7,books,A books item with feature group 2.,339
item_408,running product 408,brand_8,running,A running item with feature group 3.,340
item_409,fitness product 409,brand_9,fitness,A fitness item with feature group 4.,341
item_41,books product 41,brand_16,books,A books item with feature group 11.,342
item_410,gaming product 410,brand_10,gaming,A gaming item with feature group 5.,343
item_411,kitchen product 411,brand_11,kitchen,A kitchen item with feature group 6.,344
item_412,outdoor product 412,brand_12,outdoor,A outdoor item with feature group 7.,345
item_413,books product 413,brand_13,books,A books item with feature group 8.,346
item_414,running product 414,brand_14,running,A running item with feature group 9.,347
item_415,fitness product 415,brand_15,fitness,A fitness item with feature group 10.,348
item_416,gaming product 416,brand_16,gaming,A gaming item with feature group 11.,349
item_417,kitchen product 417,brand_17,kitchen,A kitchen item with feature group 12.,350
item_418,outdoor product 418,brand_18,outdoor,A outdoor item with feature group 13.,351
item_419,books product 419,brand_19,books,A books item with feature group 14.,352
item_42,running product 42,brand_17,running,A running item with feature group 12.,353
item_420,running product 420,brand_20,running,A running item with feature group 0.,354
item_421,fitness product 421,brand_21,fitness,A fitness item with feature group 1.,355
item_422,gaming product 422,brand_22,gaming,A gaming item with feature group 2.,356
item_423,kitchen product 423,brand_23,kitchen,A kitchen item with feature group 3.,357
item_424,outdoor product 424,brand_24,outdoor,A outdoor item with feature group 4.,358
item_425,books product 425,brand_0,books,A books item with feature group 5.,359
item_426,running product 426,brand_1,running,A running item with feature group 6.,360
item_427,fitness product 427,brand_2,fitness,A fitness item with feature group 7.,361
item_428,gaming product 428,brand_3,gaming,A gaming item with feature group 8.,362
item_429,kitchen product 429,brand_4,kitchen,A kitchen item with feature group 9.,363
item_43,fitness product 43,brand_18,fitness,A fitness item with feature group 13.,364
item_430,outdoor product 430,brand_5,outdoor,A outdoor item with feature group 10.,365
item_431,books product 431,brand_6,books,A books item with feature group 11.,366
item_432,running product 432,brand_7,running,A running item with feature group 12.,367
item_433,fitness product 433,brand_8,fitness,A fitness item with feature group 13.,368
item_434,gaming product 434,brand_9,gaming,A gaming item with feature group 14.,369
item_435,kitchen product 435,brand_10,kitchen,A kitchen item with feature group 0.,370
item_436,outdoor product 436,brand_11,outdoor,A outdoor item with feature group 1.,371
item_437,books product 437,brand_12,books,A books item with feature group 2.,372
item_438,running product 438,brand_13,running,A running item with feature group 3.,373
item_439,fitness product 439,brand_14,fitness,A fitness item with feature group 4.,374
item_44,gaming product 44,brand_19,gaming,A gaming item with feature group 14.,375
item_440,gaming product 440,brand_15,gaming,A gaming item with feature group 5.,376
item_441,kitchen product 441,brand_16,kitchen,A kitchen item with feature group 6.,377
item_442,outdoor product 442,brand_17,outdoor,A outdoor item with feature group 7.,378
item_443,books product 443,brand_18,books,A books item with feature group 8.,379
item_444,running product 444,brand_19,running,A running item with feature group 9.,380
item_445,fitness product 445,brand_20,fitness,A fitness item with feature group 10.,381
item_446,gaming product 446,brand_21,gaming,A gaming item with feature group 11.,382
item_447,kitchen product 447,brand_22,kitchen,A kitchen item with feature group 12.,383
item_448,outdoor product 448,brand_23,outdoor,A outdoor item with feature group 13.,384
item_449,books product 449,brand_24,books,A books item with feature group 14.,385
item_45,kitchen product 45,brand_20,kitchen,A kitchen item with feature group 0.,386
item_450,running product 450,brand_0,running,A running item with feature group 0.,387
item_451,fitness product 451,brand_1,fitness,A fitness item with feature group 1.,388
item_452,gaming product 452,brand_2,gaming,A gaming item with feature group 2.,389
item_453,kitchen product 453,brand_3,kitchen,A kitchen item with feature group 3.,390
item_454,outdoor product 454,brand_4,outdoor,A outdoor item with feature group 4.,391
item_455,books product 455,brand_5,books,A books item with feature group 5.,392
item_456,running product 456,brand_6,running,A running item with feature group 6.,393
item_457,fitness product 457,brand_7,fitness,A fitness item with feature group 7.,394
item_458,gaming product 458,brand_8,gaming,A gaming item with feature group 8.,395
item_459,kitchen product 459,brand_9,kitchen,A kitchen item with feature group 9.,396
item_46,outdoor product 46,brand_21,outdoor,A outdoor item with feature group 1.,397
item_460,outdoor product 460,brand_10,outdoor,A outdoor item with feature group 10.,398
item_461,books product 461,brand_11,books,A books item with feature group 11.,399
item_462,running product 462,brand_12,running,A running item with feature group 12.,400
item_463,fitness product 463,brand_13,fitness,A fitness item with feature group 13.,401
item_464,gaming product 464,brand_14,gaming,A gaming item with feature group 14.,402
item_465,kitchen product 465,brand_15,kitchen,A kitchen item with feature group 0.,403
item_466,outdoor product 466,brand_16,outdoor,A outdoor item with feature group 1.,404
item_467,books product 467,brand_17,books,A books item with feature group 2.,405
item_468,running product 468,brand_18,running,A running item with feature group 3.,406
item_469,fitness product 469,brand_19,fitness,A fitness item with feature group 4.,407
item_47,books product 47,brand_22,books,A books item with feature group 2.,408
item_470,gaming product 470,brand_20,gaming,A gaming item with feature group 5.,409
item_471,kitchen product 471,brand_21,kitchen,A kitchen item with feature group 6.,410
item_472,outdoor product 472,brand_22,outdoor,A outdoor item with feature group 7.,411
item_473,books product 473,brand_23,books,A books item with feature group 8.,412
item_475,fitness product 475,brand_0,fitness,A fitness item with feature group 10.,413
item_476,gaming product 476,brand_1,gaming,A gaming item with feature group 11.,414
item_477,kitchen product 477,brand_2,kitchen,A kitchen item with feature group 12.,415
item_478,outdoor product 478,brand_3,outdoor,A outdoor item with feature group 13.,416
item_479,books product 479,brand_4,books,A books item with feature group 14.,417
item_48,running product 48,brand_23,running,A running item with feature group 3.,418
item_480,running product 480,brand_5,running,A running item with feature group 0.,419
item_481,fitness product 481,brand_6,fitness,A fitness item with feature group 1.,420
item_482,gaming product 482,brand_7,gaming,A gaming item with feature group 2.,421
item_483,kitchen product 483,brand_8,kitchen,A kitchen item with feature group 3.,422
item_484,outdoor product 484,brand_9,outdoor,A outdoor item with feature group 4.,423
item_485,books product 485,brand_10,books,A books item with feature group 5.,424
item_486,running product 486,brand_11,running,A running item with feature group 6.,425
item_487,fitness product 487,brand_12,fitness,A fitness item with feature group 7.,426
item_488,gaming product 488,brand_13,gaming,A gaming item with feature group 8.,427
item_489,kitchen product 489,brand_14,kitchen,A kitchen item with feature group 9.,428
item_49,fitness product 49,brand_24,fitness,A fitness item with feature group 4.,429
item_490,outdoor product 490,brand_15,outdoor,A outdoor item with feature group 10.,430
item_491,books product 491,brand_16,books,A books item with feature group 11.,431
item_492,running product 492,brand_17,running,A running item with feature group 12.,432
item_493,fitness product 493,brand_18,fitness,A fitness item with feature group 13.,433
item_494,gaming product 494,brand_19,gaming,A gaming item with feature group 14.,434
item_495,kitchen product 495,brand_20,kitchen,A kitchen item with feature group 0.,435
item_496,outdoor product 496,brand_21,outdoor,A outdoor item with feature group 1.,436
item_497,books product 497,brand_22,books,A books item with feature group 2.,437
item_498,running product 498,brand_23,running,A running item with feature group 3.,438
item_499,fitness product 499,brand_24,fitness,A fitness item with feature group 4.,439
item_5,books product 5,brand_5,books,A books item with feature group 5.,440
item_50,gaming product 50,brand_0,gaming,A gaming item with feature group 5.,441
item_51,kitchen product 51,brand_1,kitchen,A kitchen item with feature group 6.,442
item_52,outdoor product 52,brand_2,outdoor,A outdoor item with feature group 7.,443
item_53,books product 53,brand_3,books,A books item with feature group 8.,444
item_54,running product 54,brand_4,running,A running item with feature group 9.,445
item_55,fitness product 55,brand_5,fitness,A fitness item with feature group 10.,446
item_56,gaming product 56,brand_6,gaming,A gaming item with feature group 11.,447
item_57,kitchen product 57,brand_7,kitchen,A kitchen item with feature group 12.,448
item_59,books product 59,brand_9,books,A books item with feature group 14.,449
item_6,running product 6,brand_6,running,A running item with feature group 6.,450
item_60,running product 60,brand_10,running,A running item with feature group 0.,451
item_61,fitness product 61,brand_11,fitness,A fitness item with feature group 1.,452
item_62,gaming product 62,brand_12,gaming,A gaming item with feature group 2.,453
item_63,kitchen product 63,brand_13,kitchen,A kitchen item with feature group 3.,454
item_64,outdoor product 64,brand_14,outdoor,A outdoor item with feature group 4.,455
item_65,books product 65,brand_15,books,A books item with feature group 5.,456
item_66,running product 66,brand_16,running,A running item with feature group 6.,457
item_67,fitness product 67,brand_17,fitness,A fitness item with feature group 7.,458
item_68,gaming product 68,brand_18,gaming,A gaming item with feature group 8.,459
item_69,kitchen product 69,brand_19,kitchen,A kitchen item with feature group 9.,460
item_7,fitness product 7,brand_7,fitness,A fitness item with feature group 7.,461
item_70,outdoor product 70,brand_20,outdoor,A outdoor item with feature group 10.,462
item_71,books product 71,brand_21,books,A books item with feature group 11.,463
item_72,running product 72,brand_22,running,A running item with feature group 12.,464
item_73,fitness product 73,brand_23,fitness,A fitness item with feature group 13.,465
item_74,gaming product 74,brand_24,gaming,A gaming item with feature group 14.,466
item_75,kitchen product 75,brand_0,kitchen,A kitchen item with feature group 0.,467
item_76,outdoor product 76,brand_1,outdoor,A outdoor item with feature group 1.,468
item_77,books product 77,brand_2,books,A books item with feature group 2.,469
item_78,running product 78,brand_3,running,A running item with feature group 3.,470
item_79,fitness product 79,brand_4,fitness,A fitness item with feature group 4.,471
item_8,gaming product 8,brand_8,gaming,A gaming item with feature group 8.,472
item_80,gaming product 80,brand_5,gaming,A gaming item with feature group 5.,473
item_81,kitchen product 81,brand_6,kitchen,A kitchen item with feature group 6.,474
item_82,outdoor product 82,brand_7,outdoor,A outdoor item with feature group 7.,475
item_83,books product 83,brand_8,books,A books item with feature group 8.,476
item_84,running product 84,brand_9,running,A running item with feature group 9.,477
item_85,fitness product 85,brand_10,fitness,A fitness item with feature group 10.,478
item_86,gaming product 86,brand_11,gaming,A gaming item with feature group 11.,479
item_87,kitchen product 87,brand_12,kitchen,A kitchen item with feature group 12.,480
item_88,outdoor product 88,brand_13,outdoor,A outdoor item with feature group 13.,481
item_89,books product 89,brand_14,books,A books item with feature group 14.,482
item_9,kitchen product 9,brand_9,kitchen,A kitchen item with feature group 9.,483
item_90,running product 90,brand_15,running,A running item with feature group 0.,484
item_91,fitness product 91,brand_16,fitness,A fitness item with feature group 1.,485
item_92,gaming product 92,brand_17,gaming,A gaming item with feature group 2.,486
item_93,kitchen product 93,brand_18,kitchen,A kitchen item with feature group 3.,487
item_94,outdoor product 94,brand_19,outdoor,A outdoor item with feature group 4.,488
item_95,books product 95,brand_20,books,A books item with feature group 5.,489
item_96,running product 96,brand_21,running,A running item with feature group 6.,490
item_97,fitness product 97,brand_22,fitness,A fitness item with feature group 7.,491
item_98,gaming product 98,brand_23,gaming,A gaming item with feature group 8.,492
item_99,kitchen product 99,brand_24,kitchen,A kitchen item with feature group 9.,493
