user_id,item_id,timestamp
user_0,item_204,0
user_0,item_348,1
user_0,item_300,2
user_0,item_342,3
user_0,item_468,4
user_0,item_42,5
user_0,item_36,6
user_0,item_96,7
user_0,item_408,8
user_1,item_499,9
user_1,item_337,10
user_1,item_205,11
user_1,item_43,12
user_1,item_73,13
user_1,item_283,14
user_1,item_367,15
user_1,item_175,16
user_1,item_211,17
user_1,item_103,18
user_1,item_181,19
user_1,item_31,20
user_1,item_247,21
user_1,item_433,22
user_1,item_151,23
user_1,item_457,24
user_1,item_391,25
user_1,item_265,26
user_2,item_332,27
user_2,item_446,28
user_2,item_344,29
user_2,item_182,30
user_2,item_170,31
user_2,item_68,32
user_2,item_158,33
user_2,item_194,34
user_2,item_308,35
user_2,item_236,36
user_2,item_458,37
user_2,item_422,38
user_2,item_20,39
user_3,item_63,40
user_3,item_195,41
user_3,item_69,42
user_3,item_291,43
user_3,item_177,44
user_3,item_363,45
user_3,item_315,46
user_3,item_135,47
user_3,item_333,48
user_3,item_483,49
user_3,item_39,50
user_3,item_429,51
user_3,item_447,52
user_3,item_471,53
user_3,item_381,54
user_3,item_171,55
user_3,item_423,56
user_3,item_255,57
user_3,item_117,58
user_4,item_304,59
user_4,item_286,60
user_4,item_40,61
user_4,item_196,62
user_4,item_376,63
user_4,item_460,64
user_4,item_52,65
user_4,item_220,66
user_4,item_406,67
user_4,item_274,68
user_5,item_401,69
user_5,item_431,70
user_5,item_455,71
user_5,item_17,72
user_5,item_485,73
user_5,item_113,74
user_5,item_191,75
user_5,item_461,76
user_5,item_497,77
user_5,item_95,78
user_5,item_29,79
user_5,item_125,80
user_6,item_144,81
user_6,item_348,82
user_6,item_378,83
user_6,item_354,84
user_6,item_366,85
user_6,item_174,86
user_6,item_6,87
user_6,item_72,88
user_6,item_42,89
user_6,item_180,90
user_6,item_48,91
user_6,item_156,92
user_7,item_475,93
user_7,item_175,94
user_7,item_301,95
user_7,item_43,96
user_7,item_109,97
user_7,item_295,98
user_7,item_139,99
user_7,item_169,100
user_7,item_325,101
user_8,item_116,102
user_8,item_110,103
user_8,item_212,104
user_8,item_422,105
user_8,item_476,106
user_8,item_368,107
user_8,item_50,108
user_8,item_38,109
user_8,item_458,110
user_8,item_350,111
user_8,item_332,112
user_8,item_134,113
user_8,item_452,114
user_9,item_303,115
user_9,item_69,116
user_9,item_219,117
user_9,item_201,118
user_9,item_285,119
user_9,item_333,120
user_9,item_45,121
user_9,item_363,122
user_9,item_147,123
user_9,item_321,124
user_9,item_495,125
user_9,item_9,126
user_9,item_297,127
user_10,item_286,128
user_10,item_76,129
user_10,item_292,130
user_10,item_448,131
user_10,item_130,132
user_10,item_268,133
user_10,item_430,134
user_10,item_340,135
user_10,item_250,136
user_10,item_166,137
user_10,item_46,138
user_10,item_208,139
user_10,item_142,140
user_10,item_10,141
user_10,item_412,142
user_10,item_496,143
user_11,item_209,144
user_11,item_11,145
user_11,item_137,146
user_11,item_179,147
user_11,item_5,148
user_11,item_239,149
user_11,item_149,150
user_11,item_203,151
user_11,item_119,152
user_11,item_245,153
user_11,item_419,154
user_11,item_347,155
user_11,item_395,156
user_11,item_407,157
user_12,item_300,158
user_12,item_102,159
user_12,item_444,160
user_12,item_390,161
user_12,item_180,162
user_12,item_156,163
user_12,item_42,164
user_12,item_12,165
user_12,item_270,166
user_12,item_108,167
user_12,item_324,168
user_12,item_138,169
user_12,item_264,170
user_12,item_66,171
user_12,item_408,172
user_12,item_486,173
user_13,item_139,174
user_13,item_205,175
user_13,item_481,176
user_13,item_19,177
user_13,item_73,178
user_13,item_463,179
user_13,item_241,180
user_13,item_445,181
user_13,item_43,182
user_13,item_487,183
user_14,item_368,184
user_14,item_176,185
user_14,item_44,186
user_14,item_194,187
user_14,item_350,188
user_14,item_152,189
user_14,item_308,190
user_14,item_428,191
user_15,item_33,192
user_15,item_387,193
user_15,item_423,194
user_15,item_183,195
user_15,item_57,196
user_15,item_87,197
user_15,item_363,198
user_15,item_75,199
user_16,item_202,200
user_16,item_208,201
user_16,item_130,202
user_16,item_322,203
user_16,item_58,204
user_16,item_10,205
user_16,item_256,206
user_16,item_184,207
user_16,item_106,208
user_16,item_406,209
user_16,item_304,210
user_16,item_478,211
user_16,item_454,212
user_16,item_394,213
user_16,item_64,214
user_16,item_76,215
user_16,item_466,216
user_16,item_460,217
user_16,item_148,218
user_17,item_143,219
user_17,item_185,220
user_17,item_251,221
user_17,item_329,222
user_17,item_239,223
user_17,item_449,224
user_17,item_65,225
user_17,item_161,226
user_18,item_270,227
user_18,item_462,228
user_18,item_90,229
user_18,item_366,230
user_18,item_60,231
user_18,item_192,232
user_18,item_42,233
user_18,item_228,234
user_18,item_0,235
user_18,item_342,236
user_18,item_450,237
user_18,item_288,238
user_18,item_324,239
user_18,item_468,240
user_18,item_78,241
user_19,item_355,242
user_19,item_277,243
user_19,item_343,244
user_19,item_97,245
user_19,item_55,246
user_19,item_235,247
user_19,item_199,248
user_19,item_139,249
user_19,item_289,250
user_19,item_403,251
user_19,item_145,252
user_19,item_427,253
user_19,item_187,254
user_20,item_392,255
user_20,item_146,256
user_20,item_62,257
user_20,item_206,258
user_20,item_440,259
user_20,item_470,260
user_20,item_458,261
user_20,item_158,262
user_20,item_26,263
user_20,item_290,264
user_20,item_380,265
user_20,item_332,266
user_20,item_368,267
user_20,item_68,268
user_20,item_260,269
user_20,item_44,270
user_20,item_452,271
user_20,item_326,272
user_20,item_86,273
user_21,item_339,274
user_21,item_411,275
user_21,item_363,276
user_21,item_285,277
user_21,item_345,278
user_21,item_375,279
user_21,item_231,280
user_21,item_141,281
user_21,item_441,282
user_21,item_477,283
user_21,item_21,284
user_21,item_243,285
user_21,item_261,286
user_21,item_171,287
user_22,item_406,288
user_22,item_208,289
user_22,item_436,290
user_22,item_400,291
user_22,item_178,292
user_22,item_376,293
user_22,item_22,294
user_22,item_346,295
user_22,item_40,296
user_22,item_46,297
user_22,item_388,298
user_22,item_352,299
user_22,item_160,300
user_22,item_118,301
user_22,item_310,302
user_22,item_478,303
user_22,item_448,304
user_22,item_430,305
user_22,item_382,306
user_23,item_29,307
user_23,item_263,308
user_23,item_281,309
user_23,item_107,310
user_23,item_185,311
user_23,item_245,312
user_23,item_65,313
user_23,item_161,314
user_23,item_77,315
user_23,item_467,316
user_23,item_179,317
user_23,item_455,318
user_23,item_113,319
user_23,item_371,320
user_23,item_215,321
user_23,item_191,322
user_24,item_462,323
user_24,item_420,324
user_24,item_480,325
user_24,item_306,326
user_24,item_294,327
user_24,item_258,328
user_24,item_216,329
user_24,item_36,330
user_24,item_90,331
user_24,item_144,332
user_24,item_228,333
user_24,item_252,334
user_24,item_372,335
user_25,item_295,336
user_25,item_331,337
user_25,item_265,338
user_25,item_439,339
user_25,item_61,340
user_25,item_253,341
user_25,item_235,342
user_25,item_313,343
user_25,item_37,344
user_25,item_79,345
user_25,item_199,346
user_25,item_451,347
user_25,item_391,348
user_25,item_457,349
user_25,item_427,350
user_26,item_362,351
user_26,item_266,352
user_26,item_74,353
user_26,item_224,354
user_26,item_56,355
user_26,item_254,356
user_26,item_2,357
user_26,item_476,358
user_26,item_488,359
user_26,item_332,360
user_27,item_441,361
user_27,item_465,362
user_27,item_357,363
user_27,item_321,364
user_27,item_405,365
user_27,item_495,366
user_27,item_45,367
user_27,item_417,368
user_27,item_183,369
user_27,item_315,370
user_27,item_159,371
user_27,item_297,372
user_27,item_285,373
user_27,item_207,374
user_27,item_99,375
user_27,item_39,376
user_27,item_351,377
user_27,item_345,378
user_28,item_382,379
user_28,item_238,380
user_28,item_304,381
user_28,item_256,382
user_28,item_328,383
user_28,item_172,384
user_28,item_442,385
user_28,item_448,386
user_28,item_82,387
user_29,item_17,388
user_29,item_269,389
user_29,item_53,390
user_29,item_287,391
user_29,item_11,392
user_29,item_335,393
user_29,item_461,394
user_29,item_377,395
user_29,item_389,396
user_29,item_281,397
user_29,item_227,398
user_29,item_59,399
user_29,item_119,400
user_30,item_492,401
user_30,item_18,402
user_30,item_342,403
user_30,item_324,404
user_30,item_240,405
user_30,item_132,406
user_30,item_48,407
user_30,item_174,408
user_30,item_498,409
user_30,item_456,410
user_30,item_390,411
user_30,item_378,412
user_30,item_414,413
user_30,item_318,414
user_31,item_397,415
user_31,item_205,416
user_31,item_67,417
user_31,item_367,418
user_31,item_385,419
user_31,item_145,420
user_31,item_7,421
user_31,item_109,422
user_31,item_451,423
user_31,item_97,424
user_32,item_476,425
user_32,item_356,426
user_32,item_104,427
user_32,item_92,428
user_32,item_350,429
user_32,item_56,430
user_32,item_218,431
user_32,item_428,432
user_32,item_314,433
user_32,item_332,434
user_32,item_26,435
user_32,item_20,436
user_32,item_392,437
user_32,item_290,438
user_32,item_416,439
user_32,item_404,440
user_32,item_380,441
user_32,item_116,442
user_32,item_434,443
user_33,item_333,444
user_33,item_45,445
user_33,item_363,446
user_33,item_471,447
user_33,item_303,448
user_33,item_249,449
user_33,item_255,450
user_33,item_123,451
user_34,item_304,452
user_34,item_472,453
user_34,item_394,454
user_34,item_88,455
user_34,item_76,456
user_34,item_226,457
user_34,item_268,458
user_34,item_178,459
user_34,item_40,460
user_34,item_352,461
user_34,item_286,462
user_34,item_466,463
user_34,item_166,464
user_35,item_239,465
user_35,item_455,466
user_35,item_449,467
user_35,item_71,468
user_35,item_197,469
user_35,item_215,470
user_35,item_419,471
user_35,item_329,472
user_35,item_293,473
user_35,item_281,474
user_35,item_479,475
user_35,item_65,476
user_35,item_233,477
user_35,item_113,478
user_36,item_90,479
user_36,item_66,480
user_36,item_420,481
user_36,item_60,482
user_36,item_162,483
user_36,item_222,484
user_36,item_474,485
user_36,item_108,486
user_36,item_402,487
user_36,item_342,488
user_36,item_288,489
user_36,item_192,490
user_36,item_258,491
user_36,item_414,492
user_36,item_138,493
user_36,item_132,494
user_36,item_42,495
user_36,item_12,496
user_36,item_252,497
user_37,item_61,498
user_37,item_415,499
user_37,item_223,500
user_37,item_331,501
user_37,item_241,502
user_37,item_409,503
user_37,item_151,504
user_37,item_475,505
user_37,item_133,506
user_37,item_433,507
user_37,item_253,508
user_37,item_259,509
user_37,item_355,510
user_37,item_361,511
user_38,item_446,512
user_38,item_404,513
user_38,item_452,514
user_38,item_74,515
user_38,item_20,516
user_38,item_488,517
user_38,item_8,518
user_38,item_206,519
user_38,item_140,520
user_38,item_32,521
user_38,item_422,522
user_38,item_428,523
user_38,item_236,524
user_38,item_116,525
user_38,item_344,526
user_38,item_212,527
user_38,item_326,528
user_39,item_135,529
user_39,item_435,530
user_39,item_471,531
user_39,item_63,532
user_39,item_315,533
user_39,item_3,534
user_39,item_303,535
user_39,item_105,536
user_39,item_489,537
user_39,item_333,538
user_39,item_345,539
user_39,item_177,540
user_39,item_159,541
user_40,item_304,542
user_40,item_196,543
user_40,item_70,544
user_40,item_364,545
user_40,item_238,546
user_40,item_454,547
user_40,item_166,548
user_40,item_214,549
user_40,item_412,550
user_40,item_376,551
user_41,item_95,552
user_41,item_23,553
user_41,item_413,554
user_41,item_491,555
user_41,item_113,556
user_41,item_143,557
user_41,item_83,558
user_41,item_431,559
user_41,item_473,560
user_41,item_299,561
user_41,item_245,562
user_42,item_498,563
user_42,item_420,564
user_42,item_168,565
user_42,item_270,566
user_42,item_222,567
user_42,item_342,568
user_42,item_252,569
user_42,item_162,570
user_42,item_264,571
user_42,item_492,572
user_42,item_486,573
user_42,item_330,574
user_42,item_282,575
user_42,item_348,576
user_42,item_456,577
user_42,item_468,578
user_42,item_450,579
user_42,item_24,580
user_43,item_175,581
user_43,item_79,582
user_43,item_283,583
user_43,item_427,584
user_43,item_307,585
user_43,item_151,586
user_43,item_157,587
user_43,item_43,588
user_43,item_7,589
user_43,item_211,590
user_43,item_91,591
user_43,item_127,592
user_43,item_403,593
user_43,item_169,594
user_43,item_397,595
user_43,item_277,596
user_43,item_1,597
user_43,item_13,598
user_44,item_326,599
user_44,item_422,600
user_44,item_194,601
user_44,item_356,602
user_44,item_128,603
user_44,item_278,604
user_44,item_248,605
user_44,item_230,606
user_44,item_410,607
user_44,item_38,608
user_44,item_458,609
user_44,item_218,610
user_44,item_56,611
user_44,item_392,612
user_44,item_368,613
user_44,item_290,614
user_44,item_446,615
user_45,item_117,616
user_45,item_339,617
user_45,item_447,618
user_45,item_453,619
user_45,item_123,620
user_45,item_291,621
user_45,item_159,622
user_45,item_15,623
user_45,item_51,624
user_45,item_477,625
user_45,item_141,626
user_45,item_429,627
user_45,item_405,628
user_45,item_219,629
user_45,item_3,630
user_45,item_207,631
user_45,item_399,632
user_45,item_471,633
user_45,item_255,634
user_46,item_298,635
user_46,item_364,636
user_46,item_490,637
user_46,item_304,638
user_46,item_4,639
user_46,item_346,640
user_46,item_196,641
user_46,item_412,642
user_46,item_418,643
user_46,item_46,644
user_46,item_328,645
user_46,item_358,646
user_47,item_197,647
user_47,item_275,648
user_47,item_449,649
user_47,item_251,650
user_47,item_119,651
user_47,item_203,652
user_47,item_17,653
user_47,item_485,654
user_47,item_305,655
user_47,item_395,656
user_47,item_407,657
user_47,item_221,658
user_47,item_107,659
user_47,item_425,660
user_47,item_173,661
user_47,item_443,662
user_47,item_113,663
user_47,item_323,664
user_47,item_383,665
user_48,item_438,666
user_48,item_486,667
user_48,item_186,668
user_48,item_132,669
user_48,item_228,670
user_48,item_54,671
user_48,item_252,672
user_48,item_282,673
user_48,item_348,674
user_48,item_354,675
user_48,item_498,676
user_48,item_60,677
user_48,item_90,678
user_49,item_163,679
user_49,item_469,680
user_49,item_97,681
user_49,item_37,682
user_49,item_151,683
user_49,item_31,684
user_49,item_7,685
user_49,item_265,686
user_49,item_229,687
user_50,item_104,688
user_50,item_146,689
user_50,item_476,690
user_50,item_218,691
user_50,item_164,692
user_50,item_248,693
user_50,item_362,694
user_50,item_380,695
user_50,item_488,696
user_50,item_446,697
user_50,item_200,698
user_50,item_470,699
user_50,item_140,700
user_50,item_398,701
user_50,item_416,702
user_50,item_116,703
user_50,item_290,704
user_50,item_296,705
user_50,item_404,706
user_51,item_117,707
user_51,item_327,708
user_51,item_207,709
user_51,item_321,710
user_51,item_309,711
user_51,item_393,712
user_51,item_441,713
user_51,item_423,714
user_51,item_387,715
user_51,item_267,716
user_51,item_369,717
user_51,item_447,718
user_51,item_129,719
user_51,item_189,720
user_51,item_453,721
user_52,item_52,722
user_52,item_28,723
user_52,item_346,724
user_52,item_124,725
user_52,item_430,726
user_52,item_442,727
user_52,item_22,728
user_52,item_16,729
user_52,item_142,730
user_53,item_53,731
user_53,item_23,732
user_53,item_29,733
user_53,item_449,734
user_53,item_185,735
user_53,item_395,736
user_53,item_305,737
user_53,item_377,738
user_54,item_414,739
user_54,item_48,740
user_54,item_78,741
user_54,item_54,742
user_54,item_492,743
user_54,item_66,744
user_54,item_186,745
user_54,item_132,746
user_54,item_0,747
user_54,item_198,748
user_55,item_229,749
user_55,item_109,750
user_55,item_433,751
user_55,item_277,752
user_55,item_475,753
user_55,item_337,754
user_55,item_163,755
user_55,item_361,756
user_55,item_145,757
user_55,item_499,758
user_55,item_115,759
user_55,item_103,760
user_55,item_415,761
user_56,item_380,762
user_56,item_14,763
user_56,item_404,764
user_56,item_308,765
user_56,item_50,766
user_56,item_20,767
user_56,item_344,768
user_56,item_86,769
user_56,item_74,770
user_56,item_38,771
user_56,item_56,772
user_56,item_2,773
user_56,item_134,774
user_56,item_8,775
user_56,item_422,776
user_57,item_447,777
user_57,item_135,778
user_57,item_219,779
user_57,item_267,780
user_57,item_339,781
user_57,item_465,782
user_57,item_387,783
user_57,item_435,784
user_57,item_117,785
user_57,item_441,786
user_57,item_69,787
user_57,item_303,788
user_57,item_477,789
user_58,item_292,790
user_58,item_412,791
user_58,item_364,792
user_58,item_190,793
user_58,item_388,794
user_58,item_16,795
user_58,item_172,796
user_58,item_232,797
user_58,item_40,798
user_58,item_94,799
user_58,item_148,800
user_59,item_323,801
user_59,item_371,802
user_59,item_83,803
user_59,item_449,804
user_59,item_251,805
user_59,item_305,806
user_59,item_497,807
user_59,item_53,808
user_59,item_65,809
user_59,item_107,810
user_59,item_59,811
user_59,item_29,812
user_59,item_347,813
user_59,item_491,814
user_59,item_383,815
user_59,item_131,816
user_59,item_257,817
user_60,item_126,818
user_60,item_84,819
user_60,item_144,820
user_60,item_24,821
user_60,item_282,822
user_60,item_60,823
user_60,item_288,824
user_60,item_216,825
user_60,item_342,826
user_61,item_103,827
user_61,item_391,828
user_61,item_91,829
user_61,item_487,830
user_61,item_409,831
user_61,item_277,832
user_61,item_301,833
user_61,item_397,834
user_61,item_121,835
user_62,item_440,836
user_62,item_14,837
user_62,item_320,838
user_62,item_194,839
user_62,item_452,840
user_62,item_332,841
user_62,item_242,842
user_62,item_8,843
user_62,item_398,844
user_62,item_434,845
user_62,item_68,846
user_63,item_69,847
user_63,item_171,848
user_63,item_453,849
user_63,item_309,850
user_63,item_213,851
user_63,item_129,852
user_63,item_333,853
user_63,item_87,854
user_63,item_99,855
user_64,item_160,856
user_64,item_40,857
user_64,item_448,858
user_64,item_274,859
user_64,item_214,860
user_64,item_334,861
user_64,item_328,862
user_64,item_178,863
user_64,item_268,864
user_64,item_358,865
user_64,item_292,866
user_64,item_262,867
user_64,item_226,868
user_64,item_388,869
user_64,item_370,870
user_64,item_454,871
user_64,item_250,872
user_64,item_52,873
user_65,item_185,874
user_65,item_263,875
user_65,item_275,876
user_65,item_467,877
user_65,item_287,878
user_65,item_293,879
user_65,item_5,880
user_65,item_485,881
user_65,item_143,882
user_65,item_461,883
user_65,item_269,884
user_65,item_197,885
user_65,item_173,886
user_65,item_371,887
user_65,item_383,888
user_65,item_155,889
user_65,item_449,890
user_66,item_228,891
user_66,item_90,892
user_66,item_48,893
user_66,item_438,894
user_66,item_372,895
user_66,item_336,896
user_66,item_114,897
user_66,item_294,898
user_67,item_1,899
user_67,item_115,900
user_67,item_19,901
user_67,item_445,902
user_67,item_121,903
user_67,item_469,904
user_67,item_223,905
user_67,item_325,906
user_67,item_205,907
user_67,item_25,908
user_67,item_43,909
user_67,item_55,910
user_67,item_229,911
user_68,item_416,912
user_68,item_260,913
user_68,item_188,914
user_68,item_266,915
user_68,item_62,916
user_68,item_206,917
user_68,item_254,918
user_68,item_404,919
user_68,item_362,920
user_68,item_44,921
user_68,item_146,922
user_68,item_434,923
user_68,item_152,924
user_68,item_32,925
user_68,item_440,926
user_68,item_50,927
user_68,item_104,928
user_69,item_15,929
user_69,item_165,930
user_69,item_99,931
user_69,item_369,932
user_69,item_51,933
user_69,item_21,934
user_69,item_477,935
user_69,item_309,936
user_69,item_183,937
user_69,item_357,938
user_69,item_129,939
user_69,item_315,940
user_69,item_375,941
user_69,item_303,942
user_70,item_358,943
user_70,item_268,944
user_70,item_166,945
user_70,item_496,946
user_70,item_322,947
user_70,item_394,948
user_70,item_460,949
user_70,item_64,950
user_70,item_172,951
user_70,item_28,952
user_70,item_262,953
user_70,item_190,954
user_70,item_106,955
user_70,item_82,956
user_70,item_418,957
user_71,item_173,958
user_71,item_497,959
user_71,item_203,960
user_71,item_251,961
user_71,item_65,962
user_71,item_209,963
user_71,item_389,964
user_71,item_179,965
user_71,item_215,966
user_71,item_491,967
user_71,item_239,968
user_72,item_192,969
user_72,item_78,970
user_72,item_0,971
user_72,item_30,972
user_72,item_258,973
user_72,item_48,974
user_72,item_156,975
user_72,item_66,976
user_72,item_432,977
user_72,item_264,978
user_72,item_12,979
user_72,item_402,980
user_72,item_144,981
user_72,item_420,982
user_72,item_102,983
user_72,item_468,984
user_72,item_222,985
user_72,item_360,986
user_72,item_282,987
user_73,item_139,988
user_73,item_427,989
user_73,item_211,990
user_73,item_277,991
user_73,item_325,992
user_73,item_1,993
user_73,item_457,994
user_73,item_373,995
user_73,item_271,996
user_73,item_19,997
user_73,item_349,998
user_73,item_433,999
user_73,item_421,1000
user_73,item_133,1001
user_73,item_247,1002
user_73,item_313,1003
user_73,item_259,1004
user_73,item_493,1005
user_73,item_97,1006
user_74,item_302,1007
user_74,item_200,1008
user_74,item_32,1009
user_74,item_428,1010
user_74,item_458,1011
user_74,item_260,1012
user_74,item_296,1013
user_74,item_134,1014
user_74,item_440,1015
user_74,item_476,1016
user_74,item_224,1017
user_74,item_494,1018
user_74,item_170,1019
user_74,item_308,1020
user_74,item_278,1021
user_75,item_303,1022
user_75,item_81,1023
user_75,item_201,1024
user_75,item_237,1025
user_75,item_435,1026
user_75,item_351,1027
user_75,item_141,1028
user_75,item_183,1029
user_75,item_345,1030
user_75,item_171,1031
user_75,item_459,1032
user_76,item_280,1033
user_76,item_154,1034
user_76,item_190,1035
user_76,item_160,1036
user_76,item_64,1037
user_76,item_46,1038
user_76,item_436,1039
user_76,item_178,1040
user_76,item_124,1041
user_76,item_370,1042
user_76,item_82,1043
user_76,item_316,1044
user_76,item_406,1045
user_76,item_214,1046
user_76,item_136,1047
user_76,item_208,1048
user_77,item_59,1049
user_77,item_431,1050
user_77,item_485,1051
user_77,item_377,1052
user_77,item_101,1053
user_77,item_77,1054
user_77,item_341,1055
user_77,item_281,1056
user_77,item_323,1057
user_77,item_461,1058
user_77,item_125,1059
user_77,item_467,1060
user_77,item_443,1061
user_77,item_131,1062
user_77,item_365,1063
user_77,item_65,1064
user_77,item_497,1065
user_78,item_186,1066
user_78,item_168,1067
user_78,item_456,1068
user_78,item_180,1069
user_78,item_450,1070
user_78,item_300,1071
user_78,item_414,1072
user_78,item_6,1073
user_78,item_324,1074
user_78,item_216,1075
user_78,item_240,1076
user_78,item_294,1077
user_78,item_174,1078
user_78,item_84,1079
user_79,item_139,1080
user_79,item_469,1081
user_79,item_97,1082
user_79,item_397,1083
user_79,item_163,1084
user_79,item_487,1085
user_79,item_109,1086
user_79,item_445,1087
user_79,item_7,1088
user_79,item_379,1089
user_79,item_373,1090
user_79,item_367,1091
user_79,item_49,1092
user_79,item_403,1093
user_79,item_241,1094
user_79,item_421,1095
user_79,item_349,1096
user_80,item_164,1097
user_80,item_2,1098
user_80,item_212,1099
user_80,item_338,1100
user_80,item_152,1101
user_80,item_116,1102
user_80,item_368,1103
user_80,item_404,1104
user_80,item_74,1105
user_80,item_248,1106
user_80,item_62,1107
user_80,item_122,1108
user_80,item_14,1109
user_80,item_68,1110
user_80,item_380,1111
user_81,item_285,1112
user_81,item_471,1113
user_81,item_387,1114
user_81,item_447,1115
user_81,item_33,1116
user_81,item_267,1117
user_81,item_123,1118
user_81,item_489,1119
user_81,item_417,1120
user_81,item_69,1121
user_81,item_291,1122
user_81,item_129,1123
user_82,item_232,1124
user_82,item_118,1125
user_82,item_238,1126
user_82,item_256,1127
user_82,item_334,1128
user_82,item_142,1129
user_82,item_328,1130
user_82,item_394,1131
user_82,item_190,1132
user_83,item_209,1133
user_83,item_83,1134
user_83,item_299,1135
user_83,item_131,1136
user_83,item_197,1137
user_83,item_161,1138
user_83,item_53,1139
user_83,item_413,1140
user_83,item_137,1141
user_83,item_431,1142
user_83,item_173,1143
user_83,item_101,1144
user_83,item_371,1145
user_83,item_179,1146
user_83,item_29,1147
user_83,item_323,1148
user_84,item_414,1149
user_84,item_72,1150
user_84,item_42,1151
user_84,item_150,1152
user_84,item_120,1153
user_84,item_156,1154
user_84,item_264,1155
user_84,item_396,1156
user_84,item_66,1157
user_84,item_438,1158
user_85,item_409,1159
user_85,item_265,1160
user_85,item_277,1161
user_85,item_127,1162
user_85,item_31,1163
user_85,item_139,1164
user_85,item_271,1165
user_85,item_67,1166
user_85,item_451,1167
user_85,item_13,1168
user_85,item_229,1169
user_85,item_73,1170
user_85,item_151,1171
user_85,item_319,1172
user_85,item_361,1173
user_85,item_37,1174
user_85,item_307,1175
user_85,item_397,1176
user_86,item_302,1177
user_86,item_44,1178
user_86,item_98,1179
user_86,item_476,1180
user_86,item_356,1181
user_86,item_458,1182
user_86,item_158,1183
user_86,item_56,1184
user_86,item_374,1185
user_86,item_182,1186
user_86,item_284,1187
user_87,item_429,1188
user_87,item_213,1189
user_87,item_399,1190
user_87,item_411,1191
user_87,item_81,1192
user_87,item_297,1193
user_87,item_267,1194
user_87,item_237,1195
user_87,item_93,1196
user_87,item_393,1197
user_87,item_387,1198
user_87,item_171,1199
user_87,item_57,1200
user_87,item_447,1201
user_87,item_75,1202
user_87,item_189,1203
user_87,item_111,1204
user_87,item_441,1205
user_88,item_130,1206
user_88,item_334,1207
user_88,item_178,1208
user_88,item_196,1209
user_88,item_262,1210
user_88,item_64,1211
user_88,item_106,1212
user_88,item_148,1213
user_88,item_76,1214
user_88,item_160,1215
user_88,item_496,1216
user_88,item_238,1217
user_88,item_370,1218
user_88,item_184,1219
user_88,item_364,1220
user_88,item_46,1221
user_88,item_112,1222
user_88,item_124,1223
user_88,item_256,1224
user_89,item_473,1225
user_89,item_95,1226
user_89,item_17,1227
user_89,item_209,1228
user_89,item_29,1229
user_89,item_101,1230
user_89,item_203,1231
user_89,item_155,1232
user_89,item_353,1233
user_89,item_275,1234
user_89,item_221,1235
user_89,item_359,1236
user_89,item_335,1237
user_89,item_191,1238
user_89,item_407,1239
user_89,item_41,1240
user_89,item_149,1241
user_89,item_347,1242
user_90,item_234,1243
user_90,item_162,1244
user_90,item_294,1245
user_90,item_444,1246
user_90,item_156,1247
user_90,item_402,1248
user_90,item_120,1249
user_90,item_204,1250
user_90,item_24,1251
user_90,item_102,1252
user_91,item_337,1253
user_91,item_175,1254
user_91,item_349,1255
user_91,item_49,1256
user_91,item_391,1257
user_91,item_499,1258
user_91,item_85,1259
user_91,item_259,1260
user_91,item_67,1261
user_91,item_385,1262
user_91,item_55,1263
user_91,item_265,1264
user_91,item_445,1265
user_92,item_464,1266
user_92,item_422,1267
user_92,item_476,1268
user_92,item_224,1269
user_92,item_158,1270
user_92,item_392,1271
user_92,item_278,1272
user_92,item_440,1273
user_92,item_170,1274
user_92,item_320,1275
user_92,item_212,1276
user_92,item_122,1277
user_92,item_68,1278
user_92,item_182,1279
user_92,item_368,1280
user_92,item_314,1281
user_92,item_62,1282
user_92,item_134,1283
user_92,item_206,1284
user_93,item_213,1285
user_93,item_177,1286
user_93,item_429,1287
user_93,item_375,1288
user_93,item_255,1289
user_93,item_165,1290
user_93,item_315,1291
user_93,item_171,1292
user_93,item_141,1293
user_93,item_135,1294
user_93,item_327,1295
user_93,item_267,1296
user_93,item_195,1297
user_93,item_183,1298
user_93,item_297,1299
user_93,item_117,1300
user_93,item_159,1301
user_94,item_82,1302
user_94,item_106,1303
user_94,item_196,1304
user_94,item_352,1305
user_94,item_46,1306
user_94,item_418,1307
user_94,item_310,1308
user_94,item_430,1309
user_94,item_490,1310
user_94,item_466,1311
user_94,item_406,1312
user_94,item_304,1313
user_94,item_28,1314
user_94,item_268,1315
user_94,item_316,1316
user_94,item_460,1317
user_94,item_220,1318
user_95,item_383,1319
user_95,item_95,1320
user_95,item_281,1321
user_95,item_113,1322
user_95,item_221,1323
user_95,item_479,1324
user_95,item_5,1325
user_95,item_233,1326
user_95,item_395,1327
user_96,item_108,1328
user_96,item_246,1329
user_96,item_72,1330
user_96,item_204,1331
user_96,item_120,1332
user_96,item_486,1333
user_96,item_312,1334
user_96,item_372,1335
user_97,item_403,1336
user_97,item_373,1337
user_97,item_247,1338
user_97,item_43,1339
user_97,item_73,1340
user_97,item_235,1341
user_97,item_175,1342
user_97,item_487,1343
user_97,item_49,1344
user_97,item_367,1345
user_97,item_229,1346
user_97,item_115,1347
user_97,item_379,1348
user_97,item_427,1349
user_97,item_271,1350
user_97,item_163,1351
user_97,item_313,1352
user_97,item_457,1353
user_98,item_224,1354
user_98,item_206,1355
user_98,item_320,1356
user_98,item_392,1357
user_98,item_182,1358
user_98,item_56,1359
user_98,item_398,1360
user_98,item_26,1361
user_98,item_314,1362
user_98,item_296,1363
user_98,item_74,1364
user_98,item_218,1365
user_98,item_194,1366
user_98,item_356,1367
user_98,item_8,1368
user_98,item_266,1369
user_99,item_93,1370
user_99,item_123,1371
user_99,item_231,1372
user_99,item_429,1373
user_99,item_189,1374
user_99,item_201,1375
user_99,item_387,1376
user_99,item_477,1377
user_99,item_105,1378
user_99,item_45,1379
user_100,item_238,1380
user_100,item_478,1381
user_100,item_94,1382
user_100,item_484,1383
user_100,item_16,1384
user_100,item_256,1385
user_100,item_166,1386
user_100,item_196,1387
user_100,item_178,1388
user_101,item_383,1389
user_101,item_29,1390
user_101,item_419,1391
user_101,item_467,1392
user_101,item_5,1393
user_101,item_347,1394
user_101,item_59,1395
user_101,item_413,1396
user_101,item_23,1397
user_101,item_425,1398
user_101,item_473,1399
user_101,item_137,1400
user_102,item_78,1401
user_102,item_90,1402
user_102,item_24,1403
user_102,item_414,1404
user_102,item_84,1405
user_102,item_114,1406
user_102,item_42,1407
user_102,item_126,1408
user_102,item_498,1409
user_102,item_222,1410
user_102,item_348,1411
user_102,item_66,1412
user_102,item_438,1413
user_102,item_60,1414
user_102,item_336,1415
user_102,item_318,1416
user_102,item_450,1417
user_102,item_264,1418
user_102,item_390,1419
user_103,item_169,1420
user_103,item_43,1421
user_103,item_55,1422
user_103,item_211,1423
user_103,item_451,1424
user_103,item_397,1425
user_103,item_331,1426
user_103,item_205,1427
user_103,item_193,1428
user_103,item_133,1429
user_103,item_181,1430
user_103,item_301,1431
user_103,item_91,1432
user_104,item_452,1433
user_104,item_104,1434
user_104,item_92,1435
user_104,item_464,1436
user_104,item_182,1437
user_104,item_248,1438
user_104,item_128,1439
user_104,item_380,1440
user_104,item_68,1441
user_104,item_494,1442
user_104,item_326,1443
user_105,item_87,1444
user_105,item_483,1445
user_105,item_309,1446
user_105,item_261,1447
user_105,item_123,1448
user_105,item_435,1449
user_105,item_171,1450
user_105,item_69,1451
user_105,item_327,1452
user_106,item_292,1453
user_106,item_160,1454
user_106,item_406,1455
user_106,item_448,1456
user_106,item_394,1457
user_106,item_40,1458
user_106,item_202,1459
user_106,item_484,1460
user_106,item_382,1461
user_106,item_430,1462
user_106,item_100,1463
user_106,item_148,1464
user_106,item_208,1465
user_106,item_184,1466
user_106,item_52,1467
user_107,item_473,1468
user_107,item_269,1469
user_107,item_71,1470
user_107,item_365,1471
user_107,item_485,1472
user_107,item_305,1473
user_107,item_251,1474
user_107,item_293,1475
user_107,item_53,1476
user_107,item_221,1477
user_107,item_233,1478
user_107,item_329,1479
user_107,item_17,1480
user_107,item_83,1481
user_107,item_371,1482
user_107,item_461,1483
user_107,item_401,1484
user_108,item_18,1485
user_108,item_420,1486
user_108,item_126,1487
user_108,item_204,1488
user_108,item_462,1489
user_108,item_6,1490
user_108,item_354,1491
user_108,item_336,1492
user_108,item_252,1493
user_108,item_408,1494
user_108,item_402,1495
user_108,item_222,1496
user_108,item_324,1497
user_108,item_24,1498
user_108,item_384,1499
user_109,item_265,1500
user_109,item_271,1501
user_109,item_109,1502
user_109,item_169,1503
user_109,item_301,1504
user_109,item_283,1505
user_109,item_367,1506
user_109,item_349,1507
user_109,item_481,1508
user_109,item_187,1509
user_109,item_157,1510
user_109,item_403,1511
user_109,item_223,1512
user_109,item_385,1513
user_109,item_259,1514
user_109,item_19,1515
user_109,item_235,1516
user_110,item_260,1517
user_110,item_140,1518
user_110,item_134,1519
user_110,item_68,1520
user_110,item_428,1521
user_110,item_92,1522
user_110,item_188,1523
user_110,item_158,1524
user_110,item_362,1525
user_111,item_201,1526
user_111,item_117,1527
user_111,item_171,1528
user_111,item_141,1529
user_111,item_177,1530
user_111,item_63,1531
user_111,item_261,1532
user_111,item_345,1533
user_111,item_399,1534
user_111,item_333,1535
user_111,item_321,1536
user_111,item_447,1537
user_111,item_75,1538
user_111,item_57,1539
user_111,item_339,1540
user_111,item_33,1541
user_111,item_111,1542
user_112,item_88,1543
user_112,item_184,1544
user_112,item_118,1545
user_112,item_370,1546
user_112,item_340,1547
user_112,item_82,1548
user_112,item_442,1549
user_112,item_214,1550
user_112,item_106,1551
user_112,item_160,1552
user_113,item_293,1553
user_113,item_233,1554
user_113,item_227,1555
user_113,item_365,1556
user_113,item_299,1557
user_113,item_101,1558
user_113,item_407,1559
user_113,item_287,1560
user_113,item_401,1561
user_113,item_149,1562
user_113,item_221,1563
user_113,item_29,1564
user_113,item_323,1565
user_113,item_11,1566
user_113,item_161,1567
user_113,item_497,1568
user_113,item_479,1569
user_113,item_305,1570
user_114,item_288,1571
user_114,item_378,1572
user_114,item_438,1573
user_114,item_456,1574
user_114,item_240,1575
user_114,item_48,1576
user_114,item_90,1577
user_114,item_426,1578
user_114,item_330,1579
user_114,item_108,1580
user_114,item_336,1581
user_114,item_30,1582
user_114,item_390,1583
user_115,item_91,1584
user_115,item_181,1585
user_115,item_391,1586
user_115,item_475,1587
user_115,item_433,1588
user_115,item_145,1589
user_115,item_79,1590
user_115,item_97,1591
user_115,item_313,1592
user_115,item_259,1593
user_115,item_277,1594
user_115,item_133,1595
user_115,item_25,1596
user_115,item_103,1597
user_115,item_247,1598
user_115,item_439,1599
user_115,item_361,1600
user_116,item_482,1601
user_116,item_278,1602
user_116,item_470,1603
user_116,item_56,1604
user_116,item_206,1605
user_116,item_122,1606
user_116,item_182,1607
user_116,item_446,1608
user_116,item_2,1609
user_116,item_416,1610
user_116,item_104,1611
user_116,item_158,1612
user_116,item_428,1613
user_116,item_458,1614
user_116,item_212,1615
user_116,item_344,1616
user_116,item_260,1617
user_117,item_375,1618
user_117,item_45,1619
user_117,item_417,1620
user_117,item_69,1621
user_117,item_429,1622
user_117,item_243,1623
user_117,item_477,1624
user_117,item_15,1625
user_117,item_387,1626
user_117,item_345,1627
user_117,item_93,1628
user_117,item_453,1629
user_118,item_82,1630
user_118,item_496,1631
user_118,item_322,1632
user_118,item_460,1633
user_118,item_64,1634
user_118,item_292,1635
user_118,item_202,1636
user_118,item_340,1637
user_118,item_466,1638
user_118,item_376,1639
user_118,item_208,1640
user_118,item_490,1641
user_118,item_232,1642
user_119,item_89,1643
user_119,item_95,1644
user_119,item_119,1645
user_119,item_401,1646
user_119,item_143,1647
user_119,item_221,1648
user_119,item_191,1649
user_119,item_491,1650
user_119,item_83,1651
user_120,item_462,1652
user_120,item_246,1653
user_120,item_108,1654
user_120,item_114,1655
user_120,item_126,1656
user_120,item_60,1657
user_120,item_450,1658
user_120,item_192,1659
user_120,item_6,1660
user_121,item_277,1661
user_121,item_427,1662
user_121,item_67,1663
user_121,item_325,1664
user_121,item_259,1665
user_121,item_169,1666
user_121,item_253,1667
user_121,item_397,1668
user_121,item_31,1669
user_121,item_25,1670
user_121,item_109,1671
user_121,item_433,1672
user_121,item_403,1673
user_121,item_385,1674
user_121,item_175,1675
user_121,item_91,1676
user_121,item_115,1677
user_122,item_80,1678
user_122,item_464,1679
user_122,item_404,1680
user_122,item_398,1681
user_122,item_248,1682
user_122,item_86,1683
user_122,item_356,1684
user_122,item_20,1685
user_123,item_477,1686
user_123,item_219,1687
user_123,item_231,1688
user_123,item_453,1689
user_123,item_297,1690
user_123,item_267,1691
user_123,item_471,1692
user_123,item_399,1693
user_123,item_189,1694
user_123,item_225,1695
user_123,item_381,1696
user_124,item_376,1697
user_124,item_190,1698
user_124,item_4,1699
user_124,item_466,1700
user_124,item_430,1701
user_124,item_472,1702
user_124,item_202,1703
user_124,item_172,1704
user_124,item_346,1705
user_124,item_328,1706
user_124,item_178,1707
user_124,item_76,1708
user_125,item_443,1709
user_125,item_281,1710
user_125,item_131,1711
user_125,item_293,1712
user_125,item_479,1713
user_125,item_185,1714
user_125,item_239,1715
user_125,item_365,1716
user_125,item_491,1717
user_126,item_420,1718
user_126,item_444,1719
user_126,item_210,1720
user_126,item_282,1721
user_126,item_348,1722
user_126,item_378,1723
user_126,item_432,1724
user_126,item_288,1725
user_126,item_156,1726
user_126,item_6,1727
user_126,item_102,1728
user_127,item_151,1729
user_127,item_493,1730
user_127,item_169,1731
user_127,item_427,1732
user_127,item_277,1733
user_127,item_145,1734
user_127,item_115,1735
user_127,item_235,1736
user_127,item_475,1737
user_127,item_157,1738
user_127,item_19,1739
user_127,item_391,1740
user_127,item_397,1741
user_127,item_361,1742
user_127,item_103,1743
user_127,item_349,1744
user_127,item_325,1745
user_127,item_451,1746
user_128,item_86,1747
user_128,item_380,1748
user_128,item_134,1749
user_128,item_68,1750
user_128,item_26,1751
user_128,item_272,1752
user_128,item_206,1753
user_128,item_464,1754
user_128,item_278,1755
user_128,item_38,1756
user_128,item_8,1757
user_128,item_50,1758
user_128,item_476,1759
user_128,item_374,1760
user_128,item_398,1761
user_128,item_164,1762
user_128,item_188,1763
user_128,item_62,1764
user_128,item_410,1765
user_129,item_255,1766
user_129,item_15,1767
user_129,item_39,1768
user_129,item_33,1769
user_129,item_405,1770
user_129,item_363,1771
user_129,item_453,1772
user_129,item_63,1773
user_130,item_340,1774
user_130,item_172,1775
user_130,item_328,1776
user_130,item_232,1777
user_130,item_238,1778
user_130,item_82,1779
user_130,item_466,1780
user_130,item_214,1781
user_130,item_430,1782
user_130,item_196,1783
user_130,item_280,1784
user_131,item_431,1785
user_131,item_347,1786
user_131,item_341,1787
user_131,item_395,1788
user_131,item_455,1789
user_131,item_35,1790
user_131,item_227,1791
user_131,item_365,1792
user_131,item_401,1793
user_131,item_353,1794
user_131,item_137,1795
user_131,item_377,1796
user_131,item_149,1797
user_131,item_293,1798
user_131,item_281,1799
user_131,item_107,1800
user_131,item_101,1801
user_132,item_414,1802
user_132,item_126,1803
user_132,item_108,1804
user_132,item_234,1805
user_132,item_198,1806
user_132,item_282,1807
user_132,item_336,1808
user_132,item_222,1809
user_132,item_30,1810
user_132,item_264,1811
user_132,item_48,1812
user_132,item_36,1813
user_132,item_294,1814
user_132,item_18,1815
user_132,item_186,1816
user_132,item_252,1817
user_132,item_162,1818
user_132,item_204,1819
user_132,item_480,1820
user_133,item_163,1821
user_133,item_439,1822
user_133,item_319,1823
user_133,item_265,1824
user_133,item_235,1825
user_133,item_307,1826
user_133,item_253,1827
user_133,item_181,1828
user_133,item_223,1829
user_133,item_193,1830
user_133,item_385,1831
user_133,item_241,1832
user_133,item_421,1833
user_133,item_211,1834
user_133,item_487,1835
user_133,item_49,1836
user_133,item_31,1837
user_133,item_277,1838
user_133,item_499,1839
user_134,item_14,1840
user_134,item_44,1841
user_134,item_152,1842
user_134,item_416,1843
user_134,item_194,1844
user_134,item_434,1845
user_134,item_158,1846
user_134,item_314,1847
user_134,item_74,1848
user_134,item_182,1849
user_134,item_92,1850
user_134,item_236,1851
user_134,item_86,1852
user_134,item_290,1853
user_134,item_68,1854
user_134,item_440,1855
user_135,item_3,1856
user_135,item_147,1857
user_135,item_93,1858
user_135,item_345,1859
user_135,item_459,1860
user_135,item_285,1861
user_135,item_297,1862
user_135,item_261,1863
user_135,item_255,1864
user_135,item_429,1865
user_135,item_321,1866
user_135,item_117,1867
user_135,item_105,1868
user_135,item_165,1869
user_135,item_435,1870
user_135,item_51,1871
user_135,item_471,1872
user_136,item_280,1873
user_136,item_418,1874
user_136,item_16,1875
user_136,item_400,1876
user_136,item_442,1877
user_136,item_304,1878
user_136,item_358,1879
user_136,item_154,1880
user_136,item_262,1881
user_136,item_268,1882
user_136,item_40,1883
user_136,item_124,1884
user_136,item_436,1885
user_137,item_29,1886
user_137,item_107,1887
user_137,item_377,1888
user_137,item_89,1889
user_137,item_479,1890
user_137,item_473,1891
user_137,item_203,1892
user_137,item_443,1893
user_137,item_83,1894
user_137,item_365,1895
user_137,item_185,1896
user_137,item_233,1897
user_137,item_275,1898
user_137,item_53,1899
user_138,item_306,1900
user_138,item_198,1901
user_138,item_180,1902
user_138,item_216,1903
user_138,item_312,1904
user_138,item_408,1905
user_138,item_42,1906
user_138,item_390,1907
user_138,item_30,1908
user_138,item_318,1909
user_138,item_222,1910
user_138,item_66,1911
user_138,item_354,1912
user_138,item_204,1913
user_138,item_264,1914
user_138,item_450,1915
user_138,item_102,1916
user_138,item_228,1917
user_138,item_6,1918
user_139,item_175,1919
user_139,item_199,1920
user_139,item_169,1921
user_139,item_457,1922
user_139,item_127,1923
user_139,item_7,1924
user_139,item_373,1925
user_139,item_235,1926
user_139,item_349,1927
user_139,item_19,1928
user_139,item_391,1929
user_139,item_487,1930
user_139,item_49,1931
user_139,item_157,1932
user_139,item_229,1933
user_139,item_103,1934
user_139,item_331,1935
user_139,item_337,1936
user_139,item_205,1937
user_140,item_248,1938
user_140,item_74,1939
user_140,item_14,1940
user_140,item_392,1941
user_140,item_188,1942
user_140,item_68,1943
user_140,item_80,1944
user_140,item_446,1945
user_140,item_428,1946
user_140,item_452,1947
user_140,item_218,1948
user_140,item_98,1949
user_140,item_200,1950
user_140,item_272,1951
user_140,item_38,1952
user_140,item_368,1953
user_141,item_33,1954
user_141,item_405,1955
user_141,item_105,1956
user_141,item_375,1957
user_141,item_495,1958
user_141,item_441,1959
user_141,item_87,1960
user_141,item_255,1961
user_141,item_417,1962
user_141,item_39,1963
user_142,item_154,1964
user_142,item_262,1965
user_142,item_238,1966
user_142,item_220,1967
user_142,item_382,1968
user_142,item_34,1969
user_142,item_82,1970
user_142,item_340,1971
user_142,item_304,1972
user_142,item_484,1973
user_142,item_460,1974
user_142,item_322,1975
user_142,item_310,1976
user_142,item_244,1977
user_142,item_298,1978
user_143,item_401,1979
user_143,item_413,1980
user_143,item_389,1981
user_143,item_431,1982
user_143,item_101,1983
user_143,item_125,1984
user_143,item_311,1985
user_143,item_179,1986
user_143,item_95,1987
user_144,item_396,1988
user_144,item_372,1989
user_144,item_144,1990
user_144,item_228,1991
user_144,item_30,1992
user_144,item_300,1993
user_144,item_378,1994
user_144,item_198,1995
user_144,item_486,1996
user_144,item_156,1997
user_144,item_414,1998
user_144,item_36,1999
user_144,item_306,2000
user_144,item_192,2001
user_144,item_60,2002
user_145,item_325,2003
user_145,item_415,2004
user_145,item_493,2005
user_145,item_133,2006
user_145,item_73,2007
user_145,item_67,2008
user_145,item_163,2009
user_145,item_289,2010
user_145,item_85,2011
user_145,item_235,2012
user_145,item_49,2013
user_146,item_140,2014
user_146,item_224,2015
user_146,item_308,2016
user_146,item_152,2017
user_146,item_314,2018
user_146,item_218,2019
user_146,item_206,2020
user_146,item_278,2021
user_146,item_50,2022
user_146,item_176,2023
user_146,item_368,2024
user_146,item_188,2025
user_146,item_122,2026
user_146,item_116,2027
user_146,item_14,2028
user_146,item_170,2029
user_147,item_357,2030
user_147,item_165,2031
user_147,item_237,2032
user_147,item_51,2033
user_147,item_291,2034
user_147,item_363,2035
user_147,item_411,2036
user_147,item_207,2037
user_147,item_9,2038
user_148,item_358,2039
user_148,item_484,2040
user_148,item_406,2041
user_148,item_238,2042
user_148,item_370,2043
user_148,item_460,2044
user_148,item_130,2045
user_148,item_340,2046
user_148,item_304,2047
user_148,item_490,2048
user_149,item_383,2049
user_149,item_479,2050
user_149,item_35,2051
user_149,item_41,2052
user_149,item_227,2053
user_149,item_203,2054
user_149,item_77,2055
user_149,item_11,2056
user_149,item_47,2057
user_149,item_143,2058
user_149,item_149,2059
user_149,item_5,2060
user_149,item_233,2061
user_149,item_239,2062
user_149,item_83,2063
user_149,item_413,2064
user_149,item_137,2065
user_150,item_426,2066
user_150,item_390,2067
user_150,item_420,2068
user_150,item_396,2069
user_150,item_198,2070
user_150,item_204,2071
user_150,item_72,2072
user_150,item_210,2073
user_150,item_432,2074
user_150,item_414,2075
user_150,item_408,2076
user_150,item_132,2077
user_150,item_60,2078
user_150,item_330,2079
user_150,item_108,2080
user_150,item_222,2081
user_151,item_325,2082
user_151,item_295,2083
user_151,item_493,2084
user_151,item_457,2085
user_151,item_223,2086
user_151,item_187,2087
user_151,item_217,2088
user_151,item_229,2089
user_151,item_349,2090
user_151,item_469,2091
user_151,item_73,2092
user_151,item_115,2093
user_151,item_277,2094
user_151,item_145,2095
user_151,item_193,2096
user_151,item_163,2097
user_152,item_110,2098
user_152,item_404,2099
user_152,item_56,2100
user_152,item_446,2101
user_152,item_488,2102
user_152,item_50,2103
user_152,item_296,2104
user_152,item_104,2105
user_152,item_332,2106
user_152,item_74,2107
user_152,item_134,2108
user_152,item_374,2109
user_152,item_152,2110
user_152,item_428,2111
user_153,item_267,2112
user_153,item_135,2113
user_153,item_165,2114
user_153,item_9,2115
user_153,item_183,2116
user_153,item_441,2117
user_153,item_405,2118
user_153,item_117,2119
user_153,item_453,2120
user_153,item_51,2121
user_153,item_21,2122
user_153,item_255,2123
user_153,item_363,2124
user_153,item_147,2125
user_153,item_33,2126
user_153,item_69,2127
user_153,item_483,2128
user_154,item_382,2129
user_154,item_448,2130
user_154,item_268,2131
user_154,item_124,2132
user_154,item_262,2133
user_154,item_88,2134
user_154,item_94,2135
user_154,item_160,2136
user_154,item_334,2137
user_154,item_460,2138
user_154,item_430,2139
user_154,item_22,2140
user_154,item_496,2141
user_154,item_238,2142
user_154,item_10,2143
user_155,item_401,2144
user_155,item_131,2145
user_155,item_29,2146
user_155,item_17,2147
user_155,item_41,2148
user_155,item_197,2149
user_155,item_65,2150
user_155,item_389,2151
user_155,item_485,2152
user_155,item_125,2153
user_155,item_209,2154
user_155,item_47,2155
user_155,item_437,2156
user_155,item_347,2157
user_155,item_329,2158
user_155,item_383,2159
user_155,item_311,2160
user_156,item_192,2161
user_156,item_408,2162
user_156,item_438,2163
user_156,item_174,2164
user_156,item_210,2165
user_156,item_420,2166
user_156,item_84,2167
user_156,item_456,2168
user_156,item_114,2169
user_156,item_18,2170
user_156,item_126,2171
user_156,item_378,2172
user_156,item_414,2173
user_157,item_211,2174
user_157,item_373,2175
user_157,item_361,2176
user_157,item_421,2177
user_157,item_139,2178
user_157,item_247,2179
user_157,item_307,2180
user_157,item_175,2181
user_157,item_451,2182
user_157,item_115,2183
user_157,item_1,2184
user_157,item_283,2185
user_157,item_475,2186
user_157,item_433,2187
user_157,item_241,2188
user_157,item_499,2189
user_157,item_235,2190
user_158,item_254,2191
user_158,item_26,2192
user_158,item_86,2193
user_158,item_32,2194
user_158,item_164,2195
user_158,item_392,2196
user_158,item_2,2197
user_158,item_152,2198
user_158,item_242,2199
user_158,item_320,2200
user_158,item_116,2201
user_158,item_278,2202
user_159,item_273,2203
user_159,item_213,2204
user_159,item_81,2205
user_159,item_57,2206
user_159,item_231,2207
user_159,item_147,2208
user_159,item_159,2209
user_159,item_75,2210
user_159,item_339,2211
user_159,item_117,2212
user_159,item_237,2213
user_160,item_376,2214
user_160,item_328,2215
user_160,item_406,2216
user_160,item_40,2217
user_160,item_220,2218
user_160,item_160,2219
user_160,item_52,2220
user_160,item_370,2221
user_160,item_148,2222
user_160,item_292,2223
user_160,item_208,2224
user_160,item_364,2225
user_160,item_154,2226
user_160,item_172,2227
user_160,item_430,2228
user_160,item_418,2229
user_160,item_256,2230
user_161,item_407,2231
user_161,item_497,2232
user_161,item_65,2233
user_161,item_395,2234
user_161,item_155,2235
user_161,item_191,2236
user_161,item_413,2237
user_161,item_41,2238
user_161,item_419,2239
user_161,item_275,2240
user_161,item_233,2241
user_161,item_347,2242
user_161,item_341,2243
user_161,item_185,2244
user_161,item_461,2245
user_162,item_462,2246
user_162,item_246,2247
user_162,item_180,2248
user_162,item_438,2249
user_162,item_150,2250
user_162,item_264,2251
user_162,item_288,2252
user_162,item_108,2253
user_162,item_138,2254
user_162,item_486,2255
user_162,item_6,2256
user_162,item_360,2257
user_162,item_126,2258
user_162,item_312,2259
user_162,item_168,2260
user_162,item_132,2261
user_163,item_37,2262
user_163,item_7,2263
user_163,item_241,2264
user_163,item_427,2265
user_163,item_469,2266
user_163,item_421,2267
user_163,item_475,2268
user_163,item_499,2269
user_163,item_187,2270
user_163,item_343,2271
user_163,item_13,2272
user_163,item_403,2273
user_163,item_313,2274
user_163,item_235,2275
user_163,item_55,2276
user_163,item_457,2277
user_163,item_295,2278
user_164,item_140,2279
user_164,item_260,2280
user_164,item_44,2281
user_164,item_446,2282
user_164,item_350,2283
user_164,item_146,2284
user_164,item_92,2285
user_164,item_236,2286
user_164,item_386,2287
user_164,item_314,2288
user_164,item_380,2289
user_164,item_320,2290
user_164,item_170,2291
user_164,item_428,2292
user_164,item_80,2293
user_164,item_8,2294
user_164,item_200,2295
user_165,item_429,2296
user_165,item_357,2297
user_165,item_333,2298
user_165,item_465,2299
user_165,item_285,2300
user_165,item_3,2301
user_165,item_21,2302
user_165,item_495,2303
user_166,item_412,2304
user_166,item_268,2305
user_166,item_460,2306
user_166,item_172,2307
user_166,item_190,2308
user_166,item_484,2309
user_166,item_394,2310
user_166,item_490,2311
user_166,item_286,2312
user_166,item_130,2313
user_166,item_40,2314
user_166,item_478,2315
user_166,item_4,2316
user_166,item_220,2317
user_166,item_136,2318
user_166,item_238,2319
user_166,item_466,2320
user_166,item_328,2321
user_167,item_143,2322
user_167,item_131,2323
user_167,item_197,2324
user_167,item_41,2325
user_167,item_485,2326
user_167,item_167,2327
user_167,item_185,2328
user_167,item_347,2329
user_168,item_132,2330
user_168,item_276,2331
user_168,item_414,2332
user_168,item_318,2333
user_168,item_438,2334
user_168,item_180,2335
user_168,item_282,2336
user_168,item_402,2337
user_168,item_192,2338
user_168,item_330,2339
user_168,item_432,2340
user_168,item_234,2341
user_168,item_42,2342
user_168,item_156,2343
user_168,item_354,2344
user_168,item_60,2345
user_168,item_96,2346
user_169,item_247,2347
user_169,item_37,2348
user_169,item_457,2349
user_169,item_139,2350
user_169,item_391,2351
user_169,item_223,2352
user_169,item_7,2353
user_169,item_31,2354
user_169,item_127,2355
user_169,item_109,2356
user_169,item_463,2357
user_169,item_211,2358
user_169,item_343,2359
user_169,item_25,2360
user_169,item_373,2361
user_169,item_265,2362
user_170,item_128,2363
user_170,item_206,2364
user_170,item_368,2365
user_170,item_326,2366
user_170,item_50,2367
user_170,item_428,2368
user_170,item_404,2369
user_170,item_308,2370
user_170,item_398,2371
user_171,item_399,2372
user_171,item_279,2373
user_171,item_63,2374
user_171,item_483,2375
user_171,item_363,2376
user_171,item_159,2377
user_171,item_105,2378
user_171,item_99,2379
user_171,item_273,2380
user_171,item_123,2381
user_171,item_69,2382
user_171,item_339,2383
user_171,item_15,2384
user_171,item_369,2385
user_171,item_315,2386
user_171,item_219,2387
user_172,item_382,2388
user_172,item_274,2389
user_172,item_160,2390
user_172,item_322,2391
user_172,item_352,2392
user_172,item_46,2393
user_172,item_154,2394
user_172,item_4,2395
user_172,item_172,2396
user_172,item_484,2397
user_172,item_34,2398
user_172,item_400,2399
user_173,item_95,2400
user_173,item_149,2401
user_173,item_467,2402
user_173,item_119,2403
user_173,item_251,2404
user_173,item_341,2405
user_173,item_299,2406
user_173,item_179,2407
user_173,item_377,2408
user_173,item_275,2409
user_173,item_209,2410
user_173,item_257,2411
user_173,item_401,2412
user_173,item_329,2413
user_173,item_371,2414
user_174,item_30,2415
user_174,item_444,2416
user_174,item_492,2417
user_174,item_48,2418
user_174,item_240,2419
user_174,item_60,2420
user_174,item_168,2421
user_174,item_42,2422
user_174,item_372,2423
user_174,item_408,2424
user_174,item_450,2425
user_174,item_102,2426
user_175,item_319,2427
user_175,item_445,2428
user_175,item_367,2429
user_175,item_391,2430
user_175,item_295,2431
user_175,item_121,2432
user_175,item_409,2433
user_175,item_25,2434
user_176,item_374,2435
user_176,item_206,2436
user_176,item_194,2437
user_176,item_266,2438
user_176,item_86,2439
user_176,item_326,2440
user_176,item_422,2441
user_176,item_26,2442
user_176,item_308,2443
user_176,item_188,2444
user_177,item_339,2445
user_177,item_201,2446
user_177,item_309,2447
user_177,item_87,2448
user_177,item_153,2449
user_177,item_363,2450
user_177,item_249,2451
user_177,item_171,2452
user_177,item_333,2453
user_177,item_405,2454
user_177,item_399,2455
user_177,item_21,2456
user_177,item_297,2457
user_177,item_141,2458
user_177,item_225,2459
user_177,item_261,2460
user_177,item_387,2461
user_177,item_285,2462
user_178,item_418,2463
user_178,item_10,2464
user_178,item_286,2465
user_178,item_100,2466
user_178,item_82,2467
user_178,item_466,2468
user_178,item_256,2469
user_178,item_388,2470
user_178,item_292,2471
user_178,item_148,2472
user_178,item_184,2473
user_178,item_334,2474
user_179,item_179,2475
user_179,item_89,2476
user_179,item_77,2477
user_179,item_173,2478
user_179,item_443,2479
user_179,item_191,2480
user_179,item_347,2481
user_179,item_23,2482
user_179,item_461,2483
user_179,item_65,2484
user_179,item_251,2485
user_180,item_180,2486
user_180,item_462,2487
user_180,item_456,2488
user_180,item_396,2489
user_180,item_240,2490
user_180,item_264,2491
user_180,item_90,2492
user_180,item_306,2493
user_180,item_324,2494
user_180,item_42,2495
user_180,item_438,2496
user_180,item_24,2497
user_180,item_444,2498
user_180,item_330,2499
user_180,item_498,2500
user_180,item_426,2501
user_180,item_492,2502
user_180,item_84,2503
user_181,item_289,2504
user_181,item_421,2505
user_181,item_223,2506
user_181,item_475,2507
user_181,item_409,2508
user_181,item_25,2509
user_181,item_115,2510
user_181,item_331,2511
user_181,item_301,2512
user_181,item_241,2513
user_181,item_205,2514
user_181,item_19,2515
user_181,item_361,2516
user_181,item_439,2517
user_181,item_259,2518
user_181,item_355,2519
user_182,item_476,2520
user_182,item_356,2521
user_182,item_140,2522
user_182,item_164,2523
user_182,item_248,2524
user_182,item_362,2525
user_182,item_176,2526
user_182,item_290,2527
user_182,item_434,2528
user_182,item_212,2529
user_182,item_68,2530
user_182,item_74,2531
user_183,item_159,2532
user_183,item_363,2533
user_183,item_15,2534
user_183,item_399,2535
user_183,item_183,2536
user_183,item_225,2537
user_183,item_411,2538
user_183,item_9,2539
user_183,item_69,2540
user_183,item_489,2541
user_183,item_291,2542
user_183,item_267,2543
user_183,item_423,2544
user_183,item_81,2545
user_184,item_274,2546
user_184,item_148,2547
user_184,item_292,2548
user_184,item_454,2549
user_184,item_442,2550
user_184,item_82,2551
user_184,item_208,2552
user_184,item_154,2553
user_185,item_431,2554
user_185,item_479,2555
user_185,item_455,2556
user_185,item_311,2557
user_185,item_245,2558
user_185,item_11,2559
user_185,item_125,2560
user_185,item_17,2561
user_185,item_113,2562
user_185,item_473,2563
user_185,item_227,2564
user_186,item_6,2565
user_186,item_486,2566
user_186,item_174,2567
user_186,item_18,2568
user_186,item_210,2569
user_186,item_42,2570
user_186,item_330,2571
user_186,item_312,2572
user_186,item_186,2573
user_186,item_216,2574
user_186,item_36,2575
user_187,item_55,2576
user_187,item_61,2577
user_187,item_13,2578
user_187,item_181,2579
user_187,item_421,2580
user_187,item_139,2581
user_187,item_391,2582
user_187,item_361,2583
user_187,item_445,2584
user_187,item_307,2585
user_187,item_427,2586
user_188,item_206,2587
user_188,item_440,2588
user_188,item_386,2589
user_188,item_188,2590
user_188,item_38,2591
user_188,item_92,2592
user_188,item_404,2593
user_188,item_74,2594
user_188,item_308,2595
user_188,item_368,2596
user_189,item_225,2597
user_189,item_399,2598
user_189,item_417,2599
user_189,item_321,2600
user_189,item_435,2601
user_189,item_195,2602
user_189,item_255,2603
user_189,item_411,2604
user_189,item_351,2605
user_189,item_177,2606
user_189,item_201,2607
user_189,item_483,2608
user_190,item_436,2609
user_190,item_418,2610
user_190,item_394,2611
user_190,item_256,2612
user_190,item_154,2613
user_190,item_142,2614
user_190,item_160,2615
user_190,item_244,2616
user_191,item_113,2617
user_191,item_365,2618
user_191,item_371,2619
user_191,item_467,2620
user_191,item_461,2621
user_191,item_431,2622
user_191,item_455,2623
user_191,item_413,2624
user_191,item_245,2625
user_191,item_167,2626
user_191,item_173,2627
user_191,item_293,2628
user_192,item_204,2629
user_192,item_114,2630
user_192,item_96,2631
user_192,item_366,2632
user_192,item_414,2633
user_192,item_228,2634
user_192,item_288,2635
user_192,item_396,2636
user_192,item_324,2637
user_192,item_468,2638
user_192,item_246,2639
user_192,item_30,2640
user_192,item_216,2641
user_192,item_84,2642
user_192,item_306,2643
user_192,item_252,2644
user_193,item_385,2645
user_193,item_193,2646
user_193,item_397,2647
user_193,item_391,2648
user_193,item_295,2649
user_193,item_373,2650
user_193,item_31,2651
user_193,item_355,2652
user_193,item_463,2653
user_193,item_1,2654
user_193,item_85,2655
user_193,item_343,2656
user_193,item_307,2657
user_193,item_199,2658
user_193,item_109,2659
user_193,item_73,2660
user_193,item_139,2661
user_194,item_284,2662
user_194,item_338,2663
user_194,item_158,2664
user_194,item_32,2665
user_194,item_476,2666
user_194,item_266,2667
user_194,item_272,2668
user_194,item_74,2669
user_194,item_224,2670
user_194,item_236,2671
user_194,item_98,2672
user_194,item_182,2673
user_194,item_302,2674
user_194,item_146,2675
user_194,item_170,2676
user_194,item_350,2677
user_194,item_206,2678
user_194,item_398,2679
user_195,item_171,2680
user_195,item_495,2681
user_195,item_69,2682
user_195,item_303,2683
user_195,item_351,2684
user_195,item_39,2685
user_195,item_333,2686
user_195,item_129,2687
user_195,item_489,2688
user_195,item_369,2689
user_195,item_243,2690
user_195,item_483,2691
user_195,item_261,2692
user_195,item_117,2693
user_195,item_363,2694
user_196,item_430,2695
user_196,item_448,2696
user_196,item_364,2697
user_196,item_454,2698
user_196,item_250,2699
user_196,item_376,2700
user_196,item_76,2701
user_196,item_16,2702
user_196,item_424,2703
user_196,item_190,2704
user_197,item_239,2705
user_197,item_419,2706
user_197,item_149,2707
user_197,item_113,2708
user_197,item_215,2709
user_197,item_83,2710
user_197,item_281,2711
user_197,item_173,2712
user_198,item_402,2713
user_198,item_450,2714
user_198,item_408,2715
user_198,item_12,2716
user_198,item_264,2717
user_198,item_54,2718
user_198,item_252,2719
user_198,item_222,2720
user_198,item_186,2721
user_198,item_234,2722
user_198,item_198,2723
user_198,item_360,2724
user_198,item_246,2725
user_198,item_456,2726
user_198,item_0,2727
user_198,item_144,2728
user_198,item_96,2729
user_199,item_127,2730
user_199,item_85,2731
user_199,item_445,2732
user_199,item_13,2733
user_199,item_1,2734
user_199,item_253,2735
user_199,item_79,2736
user_199,item_43,2737
user_199,item_271,2738
user_199,item_241,2739
user_199,item_25,2740
user_199,item_121,2741
user_199,item_145,2742
user_199,item_373,2743
user_199,item_235,2744
user_199,item_289,2745
user_199,item_349,2746
user_199,item_211,2747
user_200,item_398,2748
user_200,item_434,2749
user_200,item_428,2750
user_200,item_404,2751
user_200,item_14,2752
user_200,item_200,2753
user_200,item_38,2754
user_200,item_416,2755
user_200,item_194,2756
user_200,item_446,2757
user_200,item_92,2758
user_200,item_314,2759
user_200,item_386,2760
user_200,item_50,2761
user_200,item_236,2762
user_200,item_266,2763
user_200,item_374,2764
user_201,item_387,2765
user_201,item_297,2766
user_201,item_375,2767
user_201,item_213,2768
user_201,item_105,2769
user_201,item_75,2770
user_201,item_141,2771
user_201,item_459,2772
user_201,item_27,2773
user_201,item_39,2774
user_201,item_381,2775
user_201,item_135,2776
user_201,item_441,2777
user_201,item_393,2778
user_201,item_189,2779
user_202,item_106,2780
user_202,item_46,2781
user_202,item_340,2782
user_202,item_52,2783
user_202,item_484,2784
user_202,item_100,2785
user_202,item_148,2786
user_202,item_40,2787
user_202,item_286,2788
user_202,item_346,2789
user_202,item_118,2790
user_202,item_166,2791
user_202,item_364,2792
user_203,item_413,2793
user_203,item_275,2794
user_203,item_41,2795
user_203,item_365,2796
user_203,item_443,2797
user_203,item_251,2798
user_203,item_389,2799
user_203,item_173,2800
user_203,item_269,2801
user_203,item_305,2802
user_204,item_120,2803
user_204,item_108,2804
user_204,item_384,2805
user_204,item_270,2806
user_204,item_150,2807
user_204,item_444,2808
user_204,item_90,2809
user_204,item_294,2810
user_204,item_264,2811
user_204,item_348,2812
user_204,item_48,2813
user_204,item_78,2814
user_204,item_252,2815
user_205,item_133,2816
user_205,item_259,2817
user_205,item_49,2818
user_205,item_319,2819
user_205,item_193,2820
user_205,item_427,2821
user_205,item_331,2822
user_205,item_109,2823
user_205,item_121,2824
user_205,item_349,2825
user_205,item_481,2826
user_205,item_295,2827
user_205,item_25,2828
user_205,item_439,2829
user_206,item_218,2830
user_206,item_98,2831
user_206,item_374,2832
user_206,item_392,2833
user_206,item_206,2834
user_206,item_338,2835
user_206,item_398,2836
user_206,item_476,2837
user_206,item_254,2838
user_207,item_117,2839
user_207,item_285,2840
user_207,item_189,2841
user_207,item_99,2842
user_207,item_195,2843
user_207,item_333,2844
user_207,item_81,2845
user_207,item_177,2846
user_207,item_243,2847
user_207,item_165,2848
user_207,item_345,2849
user_207,item_357,2850
user_207,item_435,2851
user_207,item_21,2852
user_207,item_111,2853
user_208,item_196,2854
user_208,item_490,2855
user_208,item_340,2856
user_208,item_4,2857
user_208,item_292,2858
user_208,item_322,2859
user_208,item_220,2860
user_208,item_352,2861
user_208,item_478,2862
user_208,item_118,2863
user_208,item_430,2864
user_208,item_202,2865
user_208,item_406,2866
user_208,item_94,2867
user_209,item_17,2868
user_209,item_347,2869
user_209,item_287,2870
user_209,item_419,2871
user_209,item_221,2872
user_209,item_485,2873
user_209,item_407,2874
user_209,item_215,2875
user_209,item_11,2876
user_209,item_101,2877
user_209,item_125,2878
user_210,item_138,2879
user_210,item_66,2880
user_210,item_150,2881
user_210,item_84,2882
user_210,item_264,2883
user_210,item_204,2884
user_210,item_144,2885
user_210,item_222,2886
user_210,item_108,2887
user_210,item_48,2888
user_210,item_42,2889
user_210,item_162,2890
user_210,item_252,2891
user_210,item_0,2892
user_211,item_427,2893
user_211,item_253,2894
user_211,item_193,2895
user_211,item_175,2896
user_211,item_271,2897
user_211,item_187,2898
user_211,item_91,2899
user_211,item_205,2900
user_211,item_295,2901
user_211,item_409,2902
user_211,item_37,2903
user_211,item_229,2904
user_211,item_319,2905
user_211,item_61,2906
user_211,item_445,2907
user_212,item_254,2908
user_212,item_68,2909
user_212,item_332,2910
user_212,item_398,2911
user_212,item_320,2912
user_212,item_56,2913
user_212,item_476,2914
user_212,item_74,2915
user_212,item_242,2916
user_212,item_170,2917
user_212,item_272,2918
user_212,item_404,2919
user_213,item_75,2920
user_213,item_399,2921
user_213,item_231,2922
user_213,item_225,2923
user_213,item_369,2924
user_213,item_69,2925
user_213,item_195,2926
user_213,item_327,2927
user_213,item_297,2928
user_213,item_183,2929
user_213,item_273,2930
user_213,item_3,2931
user_213,item_285,2932
user_213,item_27,2933
user_213,item_267,2934
user_213,item_117,2935
user_213,item_51,2936
user_214,item_142,2937
user_214,item_106,2938
user_214,item_322,2939
user_214,item_280,2940
user_214,item_100,2941
user_214,item_466,2942
user_214,item_370,2943
user_214,item_82,2944
user_214,item_70,2945
user_214,item_472,2946
user_214,item_34,2947
user_214,item_64,2948
user_214,item_376,2949
user_214,item_4,2950
user_214,item_382,2951
user_214,item_442,2952
user_215,item_155,2953
user_215,item_77,2954
user_215,item_227,2955
user_215,item_455,2956
user_215,item_125,2957
user_215,item_89,2958
user_215,item_317,2959
user_215,item_389,2960
user_215,item_5,2961
user_215,item_335,2962
user_215,item_245,2963
user_215,item_161,2964
user_215,item_347,2965
user_216,item_462,2966
user_216,item_498,2967
user_216,item_72,2968
user_216,item_84,2969
user_216,item_138,2970
user_216,item_120,2971
user_216,item_324,2972
user_216,item_264,2973
user_216,item_222,2974
user_216,item_96,2975
user_216,item_126,2976
user_216,item_372,2977
user_217,item_79,2978
user_217,item_499,2979
user_217,item_289,2980
user_217,item_361,2981
user_217,item_403,2982
user_217,item_49,2983
user_217,item_397,2984
user_217,item_319,2985
user_217,item_277,2986
user_217,item_133,2987
user_218,item_20,2988
user_218,item_104,2989
user_218,item_326,2990
user_218,item_248,2991
user_218,item_476,2992
user_218,item_350,2993
user_218,item_62,2994
user_218,item_446,2995
user_218,item_224,2996
user_218,item_242,2997
user_218,item_386,2998
user_218,item_428,2999
user_218,item_134,3000
user_218,item_392,3001
user_218,item_404,3002
user_218,item_80,3003
user_218,item_260,3004
user_218,item_488,3005
user_218,item_320,3006
user_219,item_135,3007
user_219,item_261,3008
user_219,item_117,3009
user_219,item_147,3010
user_219,item_363,3011
user_219,item_141,3012
user_219,item_441,3013
user_219,item_45,3014
user_219,item_33,3015
user_219,item_231,3016
user_219,item_345,3017
user_219,item_417,3018
user_219,item_219,3019
user_219,item_333,3020
user_220,item_214,3021
user_220,item_190,3022
user_220,item_70,3023
user_220,item_424,3024
user_220,item_262,3025
user_220,item_454,3026
user_220,item_196,3027
user_220,item_52,3028
user_220,item_82,3029
user_220,item_148,3030
user_220,item_322,3031
user_220,item_130,3032
user_221,item_101,3033
user_221,item_335,3034
user_221,item_95,3035
user_221,item_65,3036
user_221,item_5,3037
user_221,item_293,3038
user_221,item_323,3039
user_221,item_287,3040
user_221,item_437,3041
user_221,item_59,3042
user_221,item_149,3043
user_221,item_473,3044
user_222,item_102,3045
user_222,item_210,3046
user_222,item_78,3047
user_222,item_444,3048
user_222,item_384,3049
user_222,item_144,3050
user_222,item_324,3051
user_222,item_438,3052
user_222,item_300,3053
user_222,item_120,3054
user_223,item_61,3055
user_223,item_277,3056
user_223,item_115,3057
user_223,item_103,3058
user_223,item_157,3059
user_223,item_205,3060
user_223,item_373,3061
user_223,item_79,3062
user_223,item_199,3063
user_223,item_487,3064
user_223,item_439,3065
user_223,item_253,3066
user_223,item_121,3067
user_223,item_361,3068
user_223,item_67,3069
user_223,item_223,3070
user_223,item_187,3071
user_223,item_91,3072
user_224,item_116,3073
user_224,item_302,3074
user_224,item_458,3075
user_224,item_482,3076
user_224,item_284,3077
user_224,item_404,3078
user_224,item_296,3079
user_224,item_470,3080
user_224,item_290,3081
user_224,item_152,3082
user_224,item_128,3083
user_224,item_38,3084
user_224,item_374,3085
user_224,item_2,3086
user_225,item_411,3087
user_225,item_489,3088
user_225,item_81,3089
user_225,item_495,3090
user_225,item_357,3091
user_225,item_405,3092
user_225,item_435,3093
user_225,item_483,3094
user_225,item_237,3095
user_225,item_195,3096
user_225,item_87,3097
user_225,item_177,3098
user_225,item_321,3099
user_226,item_328,3100
user_226,item_94,3101
user_226,item_280,3102
user_226,item_82,3103
user_226,item_22,3104
user_226,item_304,3105
user_226,item_88,3106
user_226,item_310,3107
user_226,item_334,3108
user_226,item_214,3109
user_226,item_370,3110
user_226,item_154,3111
user_226,item_124,3112
user_226,item_28,3113
user_226,item_10,3114
user_226,item_400,3115
user_226,item_268,3116
user_226,item_466,3117
user_226,item_298,3118
user_227,item_89,3119
user_227,item_29,3120
user_227,item_311,3121
user_227,item_125,3122
user_227,item_203,3123
user_227,item_137,3124
user_227,item_473,3125
user_227,item_341,3126
user_227,item_491,3127
user_227,item_107,3128
user_227,item_347,3129
user_227,item_257,3130
user_227,item_431,3131
user_227,item_461,3132
user_227,item_377,3133
user_227,item_143,3134
user_227,item_65,3135
user_227,item_485,3136
user_227,item_131,3137
user_228,item_288,3138
user_228,item_174,3139
user_228,item_144,3140
user_228,item_6,3141
user_228,item_18,3142
user_228,item_84,3143
user_228,item_354,3144
user_228,item_234,3145
user_229,item_145,3146
user_229,item_169,3147
user_229,item_469,3148
user_229,item_415,3149
user_229,item_91,3150
user_229,item_67,3151
user_229,item_31,3152
user_229,item_337,3153
user_230,item_20,3154
user_230,item_368,3155
user_230,item_392,3156
user_230,item_146,3157
user_230,item_26,3158
user_230,item_32,3159
user_230,item_80,3160
user_230,item_152,3161
user_230,item_440,3162
user_230,item_224,3163
user_230,item_212,3164
user_230,item_386,3165
user_231,item_327,3166
user_231,item_45,3167
user_231,item_483,3168
user_231,item_33,3169
user_231,item_87,3170
user_231,item_147,3171
user_231,item_249,3172
user_231,item_381,3173
user_231,item_27,3174
user_231,item_291,3175
user_232,item_340,3176
user_232,item_466,3177
user_232,item_328,3178
user_232,item_394,3179
user_232,item_4,3180
user_232,item_310,3181
user_232,item_16,3182
user_232,item_172,3183
user_232,item_250,3184
user_233,item_35,3185
user_233,item_281,3186
user_233,item_17,3187
user_233,item_59,3188
user_233,item_323,3189
user_233,item_65,3190
user_233,item_293,3191
user_233,item_89,3192
user_233,item_341,3193
user_233,item_443,3194
user_233,item_107,3195
user_233,item_119,3196
user_233,item_251,3197
user_233,item_371,3198
user_233,item_233,3199
user_233,item_131,3200
user_233,item_359,3201
user_233,item_425,3202
user_233,item_263,3203
user_234,item_180,3204
user_234,item_390,3205
user_234,item_36,3206
user_234,item_48,3207
user_234,item_96,3208
user_234,item_0,3209
user_234,item_306,3210
user_234,item_366,3211
user_234,item_24,3212
user_234,item_102,3213
user_234,item_42,3214
user_234,item_84,3215
user_234,item_174,3216
user_234,item_468,3217
user_235,item_343,3218
user_235,item_85,3219
user_235,item_379,3220
user_235,item_361,3221
user_235,item_325,3222
user_235,item_487,3223
user_235,item_337,3224
user_235,item_115,3225
user_235,item_139,3226
user_235,item_67,3227
user_235,item_31,3228
user_235,item_235,3229
user_235,item_397,3230
user_235,item_133,3231
user_235,item_427,3232
user_235,item_355,3233
user_235,item_13,3234
user_236,item_62,3235
user_236,item_206,3236
user_236,item_116,3237
user_236,item_356,3238
user_236,item_176,3239
user_236,item_482,3240
user_236,item_134,3241
user_236,item_446,3242
user_237,item_249,3243
user_237,item_405,3244
user_237,item_273,3245
user_237,item_45,3246
user_237,item_57,3247
user_237,item_51,3248
user_237,item_129,3249
user_237,item_279,3250
user_237,item_141,3251
user_237,item_225,3252
user_237,item_369,3253
user_237,item_123,3254
user_237,item_363,3255
user_237,item_153,3256
user_237,item_471,3257
user_237,item_237,3258
user_237,item_441,3259
user_238,item_142,3260
user_238,item_10,3261
user_238,item_34,3262
user_238,item_238,3263
user_238,item_418,3264
user_238,item_76,3265
user_238,item_40,3266
user_238,item_328,3267
user_239,item_149,3268
user_239,item_437,3269
user_239,item_353,3270
user_239,item_335,3271
user_239,item_413,3272
user_239,item_83,3273
user_239,item_65,3274
user_239,item_425,3275
user_239,item_143,3276
user_239,item_287,3277
user_239,item_281,3278
user_239,item_311,3279
user_240,item_450,3280
user_240,item_120,3281
user_240,item_210,3282
user_240,item_486,3283
user_240,item_12,3284
user_240,item_396,3285
user_240,item_72,3286
user_240,item_84,3287
user_240,item_306,3288
user_240,item_432,3289
user_240,item_480,3290
user_240,item_42,3291
user_240,item_66,3292
user_240,item_198,3293
user_240,item_276,3294
user_241,item_241,3295
user_241,item_235,3296
user_241,item_457,3297
user_241,item_169,3298
user_241,item_355,3299
user_241,item_421,3300
user_241,item_67,3301
user_241,item_445,3302
user_242,item_458,3303
user_242,item_272,3304
user_242,item_422,3305
user_242,item_32,3306
user_242,item_140,3307
user_242,item_464,3308
user_242,item_8,3309
user_242,item_146,3310
user_242,item_482,3311
user_242,item_92,3312
user_242,item_290,3313
user_242,item_392,3314
user_242,item_446,3315
user_242,item_20,3316
user_242,item_26,3317
user_242,item_266,3318
user_242,item_56,3319
user_242,item_212,3320
user_243,item_279,3321
user_243,item_255,3322
user_243,item_183,3323
user_243,item_243,3324
user_243,item_87,3325
user_243,item_393,3326
user_243,item_369,3327
user_243,item_111,3328
user_243,item_471,3329
user_243,item_417,3330
user_243,item_285,3331
user_243,item_33,3332
user_243,item_231,3333
user_243,item_57,3334
user_243,item_315,3335
user_243,item_171,3336
user_243,item_45,3337
user_243,item_333,3338
user_243,item_411,3339
user_244,item_334,3340
user_244,item_376,3341
user_244,item_250,3342
user_244,item_94,3343
user_244,item_76,3344
user_244,item_172,3345
user_244,item_154,3346
user_244,item_226,3347
user_244,item_340,3348
user_244,item_52,3349
user_245,item_497,3350
user_245,item_167,3351
user_245,item_17,3352
user_245,item_143,3353
user_245,item_263,3354
user_245,item_221,3355
user_245,item_443,3356
user_245,item_335,3357
user_245,item_215,3358
user_245,item_275,3359
user_245,item_137,3360
user_245,item_89,3361
user_245,item_371,3362
user_245,item_419,3363
user_245,item_47,3364
user_245,item_11,3365
user_245,item_233,3366
user_245,item_467,3367
user_246,item_180,3368
user_246,item_0,3369
user_246,item_78,3370
user_246,item_162,3371
user_246,item_198,3372
user_246,item_480,3373
user_246,item_486,3374
user_246,item_54,3375
user_246,item_246,3376
user_246,item_408,3377
user_246,item_414,3378
user_246,item_12,3379
user_247,item_133,3380
user_247,item_259,3381
user_247,item_277,3382
user_247,item_409,3383
user_247,item_325,3384
user_247,item_445,3385
user_247,item_229,3386
user_247,item_61,3387
user_248,item_110,3388
user_248,item_116,3389
user_248,item_308,3390
user_248,item_14,3391
user_248,item_440,3392
user_248,item_320,3393
user_248,item_386,3394
user_248,item_176,3395
user_248,item_428,3396
user_248,item_62,3397
user_248,item_452,3398
user_248,item_182,3399
user_248,item_122,3400
user_248,item_362,3401
user_249,item_393,3402
user_249,item_375,3403
user_249,item_195,3404
user_249,item_225,3405
user_249,item_399,3406
user_249,item_249,3407
user_249,item_21,3408
user_249,item_429,3409
user_249,item_123,3410
user_249,item_459,3411
user_249,item_243,3412
user_249,item_213,3413
user_249,item_177,3414
