scheme,policy,support,unaddressed_burden
majority,open,0.22333333333333333,0.4669333333333333
majority,constrained,0.3266666666666667,0.29833333333333334
majority,restricted,0.44999999999999996,0.24893333333333334
balanced,open,0.24513135004518338,0.4571233339901832
balanced,constrained,0.372389146652654,0.29495247045171363
balanced,restricted,0.38247950330216285,0.26287808420813785
population,open,0.34469464448504966,0.4258696481673892
population,constrained,0.3210690030613179,0.28551663521749693
population,restricted,0.33423635245363237,0.31102222839262894
impact,open,0.2476943346508564,0.5567852437417655
impact,constrained,0.33860342555994727,0.361501976284585
impact,restricted,0.4137022397891963,0.31836627140974966
