group,concern,prevalence,mean_severity,voice_deficit,risk,underrepresented,high_impact
student,accessibility,0.4583333333333333,2.9696969696969697,2.0833333333333335,0.5671296296296298,True,False
student,language_access,0.4305555555555556,2.967741935483871,2.0833333333333335,0.5324074074074076,True,False
parent,privacy,0.7894736842105263,2.4833333333333334,1.1842105263157894,0.46433518005540164,True,False
parent,academic_integrity,0.3684210526315789,2.5357142857142856,1.1842105263157894,0.2212603878116343,True,False
student,privacy,0.19444444444444445,2.5714285714285716,2.0833333333333335,0.20833333333333337,True,False
student,academic_integrity,0.16666666666666666,2.8333333333333335,2.0833333333333335,0.19675925925925927,True,False
teacher,teacher_workload,0.6637168141592921,2.28,0.39823008849557523,0.12052627457122718,False,False
teacher,academic_integrity,0.6106194690265486,2.2753623188405796,0.39823008849557523,0.11065862636071734,False,False
parent,accessibility,0.15789473684210525,2.6666666666666665,1.1842105263157894,0.09972299168975068,True,False
admin,privacy,0.38461538461538464,2.8666666666666667,0.3846153846153846,0.08481262327416174,False,False
admin,teacher_workload,0.3076923076923077,2.5833333333333335,0.3846153846153846,0.0611439842209073,False,False
admin,language_access,0.20512820512820512,3.375,0.3846153846153846,0.05325443786982249,False,False
parent,teacher_workload,0.06578947368421052,3.4,1.1842105263157894,0.05297783933518004,True,False
admin,academic_integrity,0.2564102564102564,2.2,0.3846153846153846,0.04339250493096647,False,False
student,teacher_workload,0.041666666666666664,2.3333333333333335,2.0833333333333335,0.040509259259259266,True,False
teacher,privacy,0.20353982300884957,2.4347826086956523,0.39823008849557523,0.03947059284203932,False,False
admin,accessibility,0.1794871794871795,2.7142857142857144,0.3846153846153846,0.037475345167652864,False,False
parent,language_access,0.05263157894736842,2.25,1.1842105263157894,0.028047091412742378,True,False
teacher,accessibility,0.08849557522123894,2.2,0.39823008849557523,0.015506304330801163,False,False
teacher,language_access,0.061946902654867256,1.7142857142857142,0.39823008849557523,0.008457984180436995,False,False
